parent_list,row_position,gene,selected_anchor
response_CD4_M1_M2,1,APOL6,False
response_CD4_M1_M2,2,AQP9,False
response_CD4_M1_M2,3,BCL2A1,False
response_CD4_M1_M2,4,BIRC3,False
response_CD4_M1_M2,5,BRAF,False
response_CD4_M1_M2,6,C3AR1,False
response_CD4_M1_M2,7,C5AR1,False
response_CD4_M1_M2,8,CAMP,False
response_CD4_M1_M2,9,CCL13,False
response_CD4_M1_M2,10,CCL14,False
response_CD4_M1_M2,11,CCL18,False
response_CD4_M1_M2,12,CCL19,False
response_CD4_M1_M2,13,CCL20,False
response_CD4_M1_M2,14,CCL22,False
response_CD4_M1_M2,15,CCL23,False
response_CD4_M1_M2,16,CCL4,False
response_CD4_M1_M2,17,CCL5,False
response_CD4_M1_M2,18,CCL7,False
response_CD4_M1_M2,19,CCL8,False
response_CD4_M1_M2,20,CCND2,False
response_CD4_M1_M2,21,CCR2,False
response_CD4_M1_M2,22,CCR5,False
response_CD4_M1_M2,23,CCR7,False
response_CD4_M1_M2,24,CD180,False
response_CD4_M1_M2,25,CD19,False
response_CD4_M1_M2,26,CD1A,False
response_CD4_M1_M2,27,CD1D,False
response_CD4_M1_M2,28,CD2,False
response_CD4_M1_M2,29,CD209,False
response_CD4_M1_M2,30,CD27,False
response_CD4_M1_M2,31,CD300A,False
response_CD4_M1_M2,32,CD33,False
response_CD4_M1_M2,33,CD37,False
response_CD4_M1_M2,34,CD38,False
response_CD4_M1_M2,35,CD3E,False
response_CD4_M1_M2,36,CD4,False
response_CD4_M1_M2,37,CD40,False
response_CD4_M1_M2,38,CD5,False
response_CD4_M1_M2,39,CD6,False
response_CD4_M1_M2,40,CD68,True
response_CD4_M1_M2,41,CD70,False
response_CD4_M1_M2,42,CD79A,False
response_CD4_M1_M2,43,CD80,False
response_CD4_M1_M2,44,CD86,False
response_CD4_M1_M2,45,CEACAM3,False
response_CD4_M1_M2,46,CFP,False
response_CD4_M1_M2,47,CLEC7A,False
response_CD4_M1_M2,48,CPA3,False
response_CD4_M1_M2,49,CSF3R,False
response_CD4_M1_M2,50,CTSG,False
response_CD4_M1_M2,51,CXCL10,False
response_CD4_M1_M2,52,CXCL11,False
response_CD4_M1_M2,53,CXCL13,False
response_CD4_M1_M2,54,CXCL3,False
response_CD4_M1_M2,55,CXCL5,False
response_CD4_M1_M2,56,CXCL9,False
response_CD4_M1_M2,57,CXCR2,False
response_CD4_M1_M2,58,CXCR5,False
response_CD4_M1_M2,59,DPP4,False
response_CD4_M1_M2,60,DUSP2,False
response_CD4_M1_M2,61,EBI3,False
response_CD4_M1_M2,62,ELANE,False
response_CD4_M1_M2,63,ETS1,False
response_CD4_M1_M2,64,FASLG,False
response_CD4_M1_M2,65,FCGR3B,False
response_CD4_M1_M2,66,FCN1,False
response_CD4_M1_M2,67,FOXP3,False
response_CD4_M1_M2,68,FPR1,False
response_CD4_M1_M2,69,FPR2,False
response_CD4_M1_M2,70,FPR3,False
response_CD4_M1_M2,71,FZD2,False
response_CD4_M1_M2,72,GNG7,False
response_CD4_M1_M2,73,GPC4,False
response_CD4_M1_M2,74,GZMA,False
response_CD4_M1_M2,75,GZMB,False
response_CD4_M1_M2,76,GZMK,False
response_CD4_M1_M2,77,HCK,False
response_CD4_M1_M2,78,HDC,False
response_CD4_M1_M2,79,HSPA6,False
response_CD4_M1_M2,80,IDO1,False
response_CD4_M1_M2,81,IFNG,False
response_CD4_M1_M2,82,IL12B,False
response_CD4_M1_M2,83,IL1A,False
response_CD4_M1_M2,84,IL1B,False
response_CD4_M1_M2,85,IL1RL1,False
response_CD4_M1_M2,86,IL2RA,False
response_CD4_M1_M2,87,IL2RB,False
response_CD4_M1_M2,88,IL4R,False
response_CD4_M1_M2,89,IL7,False
response_CD4_M1_M2,90,IL7R,False
response_CD4_M1_M2,91,IRF8,False
response_CD4_M1_M2,92,ITK,False
response_CD4_M1_M2,93,KLRF1,False
response_CD4_M1_M2,94,KLRG1,False
response_CD4_M1_M2,95,LAG3,False
response_CD4_M1_M2,96,LAIR2,False
response_CD4_M1_M2,97,LAMP3,False
response_CD4_M1_M2,98,LAT,False
response_CD4_M1_M2,99,LILRA3,False
response_CD4_M1_M2,100,LILRA4,False
response_CD4_M1_M2,101,LILRB2,False
response_CD4_M1_M2,102,LTA,False
response_CD4_M1_M2,103,LTB,False
response_CD4_M1_M2,104,LY86,False
response_CD4_M1_M2,105,MMP9,False
response_CD4_M1_M2,106,MS4A1,False
response_CD4_M1_M2,107,MS4A6A,False
response_CD4_M1_M2,108,MYB,False
response_CD4_M1_M2,109,NKG7,False
response_CD4_M1_M2,110,NOD2,False
response_CD4_M1_M2,111,NR4A3,False
response_CD4_M1_M2,112,P2RY13,False
response_CD4_M1_M2,113,PDCD1,False
response_CD4_M1_M2,114,PDCD1LG2,False
response_CD4_M1_M2,115,PDK1,False
response_CD4_M1_M2,116,PLA1A,False
response_CD4_M1_M2,117,PPBP,False
response_CD4_M1_M2,118,PRG2,False
response_CD4_M1_M2,119,RASGRP2,False
response_CD4_M1_M2,120,RSAD2,False
response_CD4_M1_M2,121,S100A12,False
response_CD4_M1_M2,122,SAMSN1,False
response_CD4_M1_M2,123,SELL,False
response_CD4_M1_M2,124,SIGLEC1,False
response_CD4_M1_M2,125,SLAMF1,False
response_CD4_M1_M2,126,SOCS1,False
response_CD4_M1_M2,127,SPIB,False
response_CD4_M1_M2,128,TBX21,False
response_CD4_M1_M2,129,TCF7,False
response_CD4_M1_M2,130,TCL1A,False
response_CD4_M1_M2,131,TLR2,False
response_CD4_M1_M2,132,TLR7,False
response_CD4_M1_M2,133,TLR8,False
response_CD4_M1_M2,134,TNFAIP6,False
response_CD4_M1_M2,135,TNFRSF13B,False
response_CD4_M1_M2,136,TNFRSF4,False
response_CD4_M1_M2,137,TPSAB1,False
response_CD4_M1_M2,138,TRAC,False
response_CD4_M1_M2,139,TRBC1,False
response_CD4_M1_M2,140,TREM1,False
response_CD4_M1_M2,141,TREM2,False
response_CD4_M1_M2,142,TXK,False
response_CD4_M1_M2,143,ZBTB32,False
response_CD4_M1_M2,144,BST1,False
response_CD4_M1_M2,145,CCL17,False
response_CD4_M1_M2,146,CCR3,False
response_CD4_M1_M2,147,CCR6,False
response_CD4_M1_M2,148,CD160,False
response_CD4_M1_M2,149,CD1B,False
response_CD4_M1_M2,150,CD1C,False
response_CD4_M1_M2,151,CD1E,False
response_CD4_M1_M2,152,CD22,False
response_CD4_M1_M2,153,CD244,False
response_CD4_M1_M2,154,CD247,False
response_CD4_M1_M2,155,CD28,False
response_CD4_M1_M2,156,CD40LG,False
response_CD4_M1_M2,157,CD69,False
response_CD4_M1_M2,158,CD7,False
response_CD4_M1_M2,159,CD79B,False
response_CD4_M1_M2,160,CD8A,False
response_CD4_M1_M2,161,CD96,False
response_CD4_M1_M2,162,CLEC4A,False
response_CD4_M1_M2,163,CMA1,False
response_CD4_M1_M2,164,CR2,False
response_CD4_M1_M2,165,CREB5,False
response_CD4_M1_M2,166,CTSW,False
response_CD4_M1_M2,167,CXCR1,False
response_CD4_M1_M2,168,CXCR6,False
response_CD4_M1_M2,169,EFNA5,False
response_CD4_M1_M2,170,EGR2,False
response_CD4_M1_M2,171,FCER1A,False
response_CD4_M1_M2,172,FCER2,False
response_CD4_M1_M2,173,FLT3LG,False
response_CD4_M1_M2,174,FZD3,False
response_CD4_M1_M2,175,HHEX,False
response_CD4_M1_M2,176,IL12RB2,False
response_CD4_M1_M2,177,IL18R1,False
response_CD4_M1_M2,178,IL18RAP,False
response_CD4_M1_M2,179,IL21,False
response_CD4_M1_M2,180,KLRD1,False
response_CD4_M1_M2,181,KLRK1,False
response_CD4_M1_M2,182,LY9,False
response_CD4_M1_M2,183,MARCO,False
response_CD4_M1_M2,184,MS4A2,False
response_CD4_M1_M2,185,NLRP3,False
response_CD4_M1_M2,186,PNOC,False
response_CD4_M1_M2,187,PVRIG,False
response_CD4_M1_M2,188,REN,False
response_CD4_M1_M2,189,SMPD3,False
response_CD4_M1_M2,190,SSX1,False
response_CD4_M1_M2,191,TNFRSF10C,False
response_CD4_M1_M2,192,TNFRSF11A,False
response_CD4_M1_M2,193,TRDC,False
response_CD4_M1_M2,194,WNT5B,False
response_CD4_M1_M2,195,ZAP70,False
response_CD4_M1_M2,196,CD3D,False
response_CD4_M1_M2,197,IL9,False
response_CD4_M1_M2,198,LCK,False
response_CD4_M1_M2,199,CTLA4,False
response_CD4_M1_M2,200,ICOS,False
response_CD4_M1_M2,201,IL3,False
response_CD4_M1_M2,202,TRAT1,False
response_CD4_M1_M2,203,SH2D1A,False
response_CD4_M1_M2,204,PRF1,False
response_CD4_M1_M2,205,CSF2,False
response_CD4_M1_M2,206,CD3G,False
response_CD4_M1_M2,207,GZMH,False
response_CD4_M1_M2,208,GZMM,False
response_CD4_M1_M2,209,KLRB1,False
response_CD4_M1_M2,210,TNFSF14,False
response_CD4_M1_M2,211,LEF1,False
response_CD4_M1_M2,212,IL17A,False
response_CD4_M1_M2,213,IL26,False
response_CD4_M1_M2,214,CSF1,False
response_CD4_M1_M2,215,GNLY,False
response_CD4_M1_M2,216,IL4,False
response_CD4_M1_M2,217,CDC25A,False
response_CD4_M1_M2,218,IL5,False
response_CD4_M1_M2,219,PMCH,False
response_CD4_M1_M2,220,MAP4K2,False
response_CD4_M1_M2,221,FCRL2,False
response_CD4_M1_M2,222,WNT7A,False
response_CD4_M1_M2,223,CDK6,False
response_CD4_M1_M2,224,IL5RA,False
response_CD4_M1_M2,225,CEACAM8,False
response_CD4_M1_M2,226,CD8B,False
response_CD4_M1_M2,227,BLK,False
response_CD4_M1_M2,228,LGALS3,False
response_CD4_M1_M2,229,CTSL,False
response_CD4_M1_M2,230,IDH1,False
response_CD4_M1_M2,231,LAIR1,False
response_CD4_M1_M2,232,FCGRT,False
response_CD4_M1_M2,233,MS4A4A,False
response_CD4_M1_M2,234,MSR1,False
response_CD4_M1_M2,235,CD163,False
response_CD4_M1_M2,236,FCGR1A,False
response_CD4_M1_M2,237,CD81,False
response_CD4_M1_M2,238,LILRB4,False
response_CD4_M1_M2,239,MRC1,False
response_CD4_M1_M2,240,APOE,True
response_CD4_M1_M2,241,C1QB,False
response_CD4_M1_M2,242,LGALS9,False
response_CD4_M1_M2,243,TFRC,False
response_CD4_M1_M2,244,C1QA,False
response_CD4_M1_M2,245,OTOA,False
response_CD4_M1_M2,246,OLR1,False
response_CD4_M1_M2,247,SPRED1,False
response_CD4_M1_M2,248,RORA,False
response_CD4_M1_M2,249,TNFRSF25,False
response_CD4_M1_M2,250,GATA3,False
response_CD4_M1_M2,251,THEM4,False
response_CD4_M1_M2,252,SFXN1,False
response_CD4_M1_M2,253,BATF,False
response_CD4_M1_M2,254,CCR4,False
response_CD4_M1_M2,255,STING1,False
response_CD4_M1_M2,256,TNFSF8,False
resistance_ProliferatingTumor_Granulocytes_Vessels,1,GRB2,False
resistance_ProliferatingTumor_Granulocytes_Vessels,2,POLR2J,False
resistance_ProliferatingTumor_Granulocytes_Vessels,3,C1QBP,False
resistance_ProliferatingTumor_Granulocytes_Vessels,4,HSPA2,False
resistance_ProliferatingTumor_Granulocytes_Vessels,5,B2M,False
resistance_ProliferatingTumor_Granulocytes_Vessels,6,GPX4,False
resistance_ProliferatingTumor_Granulocytes_Vessels,7,PSMB8,False
resistance_ProliferatingTumor_Granulocytes_Vessels,8,TACSTD2,False
resistance_ProliferatingTumor_Granulocytes_Vessels,9,NDUFA12,False
resistance_ProliferatingTumor_Granulocytes_Vessels,10,HDAC1,False
resistance_ProliferatingTumor_Granulocytes_Vessels,11,PKP3,False
resistance_ProliferatingTumor_Granulocytes_Vessels,12,HLA.C,False
resistance_ProliferatingTumor_Granulocytes_Vessels,13,SDHA,False
resistance_ProliferatingTumor_Granulocytes_Vessels,14,DSP,False
resistance_ProliferatingTumor_Granulocytes_Vessels,15,SKP1,False
resistance_ProliferatingTumor_Granulocytes_Vessels,16,GRB7,False
resistance_ProliferatingTumor_Granulocytes_Vessels,17,DUSP2,False
resistance_ProliferatingTumor_Granulocytes_Vessels,18,EGR1,False
resistance_ProliferatingTumor_Granulocytes_Vessels,19,CD58,False
resistance_ProliferatingTumor_Granulocytes_Vessels,20,LDHA,False
resistance_ProliferatingTumor_Granulocytes_Vessels,21,HK1,False
resistance_ProliferatingTumor_Granulocytes_Vessels,22,RFC4,False
resistance_ProliferatingTumor_Granulocytes_Vessels,23,TNFRSF12A,False
resistance_ProliferatingTumor_Granulocytes_Vessels,24,OASL,False
resistance_ProliferatingTumor_Granulocytes_Vessels,25,DSC3,False
resistance_ProliferatingTumor_Granulocytes_Vessels,26,COX6B1,False
resistance_ProliferatingTumor_Granulocytes_Vessels,27,FOS,False
resistance_ProliferatingTumor_Granulocytes_Vessels,28,ISG20,False
resistance_ProliferatingTumor_Granulocytes_Vessels,29,CXCL1,False
resistance_ProliferatingTumor_Granulocytes_Vessels,30,FZD6,False
resistance_ProliferatingTumor_Granulocytes_Vessels,31,KRT5,False
resistance_ProliferatingTumor_Granulocytes_Vessels,32,ANP32B,False
resistance_ProliferatingTumor_Granulocytes_Vessels,33,HSPB1,False
resistance_ProliferatingTumor_Granulocytes_Vessels,34,UBB,False
resistance_ProliferatingTumor_Granulocytes_Vessels,35,BIRC5,False
resistance_ProliferatingTumor_Granulocytes_Vessels,36,SERPING1,False
resistance_ProliferatingTumor_Granulocytes_Vessels,37,HLA.DRA,False
resistance_ProliferatingTumor_Granulocytes_Vessels,38,CD99,False
resistance_ProliferatingTumor_Granulocytes_Vessels,39,FUBP1,False
resistance_ProliferatingTumor_Granulocytes_Vessels,40,IFI16,False
resistance_ProliferatingTumor_Granulocytes_Vessels,41,LAMB3,False
resistance_ProliferatingTumor_Granulocytes_Vessels,42,STAT1,False
resistance_ProliferatingTumor_Granulocytes_Vessels,43,PTTG1,False
resistance_ProliferatingTumor_Granulocytes_Vessels,44,RPLP0,False
resistance_ProliferatingTumor_Granulocytes_Vessels,45,ANGPTL4,False
resistance_ProliferatingTumor_Granulocytes_Vessels,46,BLVRA,False
resistance_ProliferatingTumor_Granulocytes_Vessels,47,KRT6C,False
resistance_ProliferatingTumor_Granulocytes_Vessels,48,KRT18,False
resistance_ProliferatingTumor_Granulocytes_Vessels,49,YTHDF2,False
resistance_ProliferatingTumor_Granulocytes_Vessels,50,NDUFA7,False
resistance_ProliferatingTumor_Granulocytes_Vessels,51,IL1RN,False
resistance_ProliferatingTumor_Granulocytes_Vessels,52,LAMP2,False
resistance_ProliferatingTumor_Granulocytes_Vessels,53,LAMC2,False
resistance_ProliferatingTumor_Granulocytes_Vessels,54,ADM,False
resistance_ProliferatingTumor_Granulocytes_Vessels,55,CD47,False
resistance_ProliferatingTumor_Granulocytes_Vessels,56,CBLC,False
resistance_ProliferatingTumor_Granulocytes_Vessels,57,PYCARD,False
resistance_ProliferatingTumor_Granulocytes_Vessels,58,RAC1,False
resistance_ProliferatingTumor_Granulocytes_Vessels,59,TNFSF10,False
resistance_ProliferatingTumor_Granulocytes_Vessels,60,SMARCB1,False
resistance_ProliferatingTumor_Granulocytes_Vessels,61,GPI,False
resistance_ProliferatingTumor_Granulocytes_Vessels,62,RPS27A,False
resistance_ProliferatingTumor_Granulocytes_Vessels,63,CMTM6,False
resistance_ProliferatingTumor_Granulocytes_Vessels,64,HLA.F,False
resistance_ProliferatingTumor_Granulocytes_Vessels,65,PML,False
resistance_ProliferatingTumor_Granulocytes_Vessels,66,SERPINH1,False
resistance_ProliferatingTumor_Granulocytes_Vessels,67,TPM4,False
resistance_ProliferatingTumor_Granulocytes_Vessels,68,FADD,False
resistance_ProliferatingTumor_Granulocytes_Vessels,69,PPP2R1A,False
resistance_ProliferatingTumor_Granulocytes_Vessels,70,HSP90B1,False
resistance_ProliferatingTumor_Granulocytes_Vessels,71,DST,False
resistance_ProliferatingTumor_Granulocytes_Vessels,72,SRSF2,False
resistance_ProliferatingTumor_Granulocytes_Vessels,73,HMGA1,False
resistance_ProliferatingTumor_Granulocytes_Vessels,74,PSMB10,False
resistance_ProliferatingTumor_Granulocytes_Vessels,75,MAD2L2,False
resistance_ProliferatingTumor_Granulocytes_Vessels,76,F2RL1,False
resistance_ProliferatingTumor_Granulocytes_Vessels,77,NFE2L2,False
resistance_ProliferatingTumor_Granulocytes_Vessels,78,NDUFA13,False
resistance_ProliferatingTumor_Granulocytes_Vessels,79,OAS1,False
resistance_ProliferatingTumor_Granulocytes_Vessels,80,TNFRSF1A,False
resistance_ProliferatingTumor_Granulocytes_Vessels,81,UQCRQ,False
resistance_ProliferatingTumor_Granulocytes_Vessels,82,AREG,False
resistance_ProliferatingTumor_Granulocytes_Vessels,83,MYC,False
resistance_ProliferatingTumor_Granulocytes_Vessels,84,LAMA3,False
resistance_ProliferatingTumor_Granulocytes_Vessels,85,MMP1,False
resistance_ProliferatingTumor_Granulocytes_Vessels,86,MMP3,False
resistance_ProliferatingTumor_Granulocytes_Vessels,87,NDUFB7,False
resistance_ProliferatingTumor_Granulocytes_Vessels,88,CXCL2,False
resistance_ProliferatingTumor_Granulocytes_Vessels,89,THBS1,False
resistance_ProliferatingTumor_Granulocytes_Vessels,90,DAXX,False
resistance_ProliferatingTumor_Granulocytes_Vessels,91,MCM4,False
resistance_ProliferatingTumor_Granulocytes_Vessels,92,CDKN1A,False
resistance_ProliferatingTumor_Granulocytes_Vessels,93,S100A7,False
resistance_ProliferatingTumor_Granulocytes_Vessels,94,PEBP1,False
resistance_ProliferatingTumor_Granulocytes_Vessels,95,HMGB1,False
resistance_ProliferatingTumor_Granulocytes_Vessels,96,CCNA1,False
resistance_ProliferatingTumor_Granulocytes_Vessels,97,CXCL14,True
resistance_ProliferatingTumor_Granulocytes_Vessels,98,IRF1,False
resistance_ProliferatingTumor_Granulocytes_Vessels,99,TECR,False
resistance_ProliferatingTumor_Granulocytes_Vessels,100,NDUFB4,False
resistance_ProliferatingTumor_Granulocytes_Vessels,101,TAPBP,False
resistance_ProliferatingTumor_Granulocytes_Vessels,102,RIPK2,False
resistance_ProliferatingTumor_Granulocytes_Vessels,103,EFNA1,False
resistance_ProliferatingTumor_Granulocytes_Vessels,104,ITGB6,False
resistance_ProliferatingTumor_Granulocytes_Vessels,105,HSPA6,False
resistance_ProliferatingTumor_Granulocytes_Vessels,106,IFNGR2,False
resistance_ProliferatingTumor_Granulocytes_Vessels,107,RBX1,False
resistance_ProliferatingTumor_Granulocytes_Vessels,108,CD9,False
resistance_ProliferatingTumor_Granulocytes_Vessels,109,CDC20,False
resistance_ProliferatingTumor_Granulocytes_Vessels,110,KRT6A,False
resistance_ProliferatingTumor_Granulocytes_Vessels,111,CD59,False
resistance_ProliferatingTumor_Granulocytes_Vessels,112,DDIT4,False
resistance_ProliferatingTumor_Granulocytes_Vessels,113,BST2,False
resistance_ProliferatingTumor_Granulocytes_Vessels,114,SF3B1,False
resistance_ProliferatingTumor_Granulocytes_Vessels,115,MAGEA6,False
resistance_ProliferatingTumor_Granulocytes_Vessels,116,PSMB5,False
resistance_ProliferatingTumor_Granulocytes_Vessels,117,COX5B,False
resistance_ProliferatingTumor_Granulocytes_Vessels,118,HLA.DMA,False
resistance_ProliferatingTumor_Granulocytes_Vessels,119,JAK1,False
resistance_ProliferatingTumor_Granulocytes_Vessels,120,LCN2,False
resistance_ProliferatingTumor_Granulocytes_Vessels,121,JUN,False
resistance_ProliferatingTumor_Granulocytes_Vessels,122,APP,False
resistance_ProliferatingTumor_Granulocytes_Vessels,123,UBC,False
resistance_ProliferatingTumor_Granulocytes_Vessels,124,CXADR,False
resistance_ProliferatingTumor_Granulocytes_Vessels,125,SHC1,False
resistance_ProliferatingTumor_Granulocytes_Vessels,126,LDHB,False
resistance_ProliferatingTumor_Granulocytes_Vessels,127,NDUFA2,False
resistance_ProliferatingTumor_Granulocytes_Vessels,128,IER3,False
resistance_ProliferatingTumor_Granulocytes_Vessels,129,TNFRSF25,False
resistance_ProliferatingTumor_Granulocytes_Vessels,130,SLC2A1,False
resistance_ProliferatingTumor_Granulocytes_Vessels,131,EPCAM,False
resistance_ProliferatingTumor_Granulocytes_Vessels,132,COX6A1,False
resistance_ProliferatingTumor_Granulocytes_Vessels,133,CRABP2,False
resistance_ProliferatingTumor_Granulocytes_Vessels,134,MCM7,False
resistance_ProliferatingTumor_Granulocytes_Vessels,135,PDGFA,False
resistance_ProliferatingTumor_Granulocytes_Vessels,136,GBP1,False
resistance_ProliferatingTumor_Granulocytes_Vessels,137,PMAIP1,False
resistance_ProliferatingTumor_Granulocytes_Vessels,138,SAA1,False
resistance_ProliferatingTumor_Granulocytes_Vessels,139,KRT19,False
resistance_ProliferatingTumor_Granulocytes_Vessels,140,ENO1,False
resistance_ProliferatingTumor_Granulocytes_Vessels,141,NDUFB11,False
resistance_ProliferatingTumor_Granulocytes_Vessels,142,TXN2,False
resistance_ProliferatingTumor_Granulocytes_Vessels,143,GPX1,False
resistance_ProliferatingTumor_Granulocytes_Vessels,144,PARP9,False
resistance_ProliferatingTumor_Granulocytes_Vessels,145,ANXA1,False
resistance_ProliferatingTumor_Granulocytes_Vessels,146,C1R,False
resistance_ProliferatingTumor_Granulocytes_Vessels,147,NDUFA6,False
resistance_ProliferatingTumor_Granulocytes_Vessels,148,ATF3,False
resistance_ProliferatingTumor_Granulocytes_Vessels,149,TAPBPL,False
resistance_ProliferatingTumor_Granulocytes_Vessels,150,IDH2,False
resistance_ProliferatingTumor_Granulocytes_Vessels,151,RHOA,False
resistance_ProliferatingTumor_Granulocytes_Vessels,152,SLC1A5,False
resistance_ProliferatingTumor_Granulocytes_Vessels,153,OAS3,False
resistance_ProliferatingTumor_Granulocytes_Vessels,154,CCL20,False
resistance_ProliferatingTumor_Granulocytes_Vessels,155,BAD,False
resistance_ProliferatingTumor_Granulocytes_Vessels,156,PRDX5,False
resistance_ProliferatingTumor_Granulocytes_Vessels,157,CD46,False
resistance_ProliferatingTumor_Granulocytes_Vessels,158,CDH1,False
resistance_ProliferatingTumor_Granulocytes_Vessels,159,CALML3,False
resistance_ProliferatingTumor_Granulocytes_Vessels,160,JUNB,False
resistance_ProliferatingTumor_Granulocytes_Vessels,161,STAT2,False
resistance_ProliferatingTumor_Granulocytes_Vessels,162,SERINC1,False
resistance_ProliferatingTumor_Granulocytes_Vessels,163,PSMD7,False
resistance_ProliferatingTumor_Granulocytes_Vessels,164,SNAI2,False
resistance_ProliferatingTumor_Granulocytes_Vessels,165,MMP9,False
resistance_ProliferatingTumor_Granulocytes_Vessels,166,CXCL3,False
resistance_ProliferatingTumor_Granulocytes_Vessels,167,SOD2,False
resistance_ProliferatingTumor_Granulocytes_Vessels,168,ID1,False
resistance_ProliferatingTumor_Granulocytes_Vessels,169,GNG12,False
resistance_ProliferatingTumor_Granulocytes_Vessels,170,LTBR,False
resistance_ProliferatingTumor_Granulocytes_Vessels,171,HDAC3,False
resistance_ProliferatingTumor_Granulocytes_Vessels,172,GOT2,False
resistance_ProliferatingTumor_Granulocytes_Vessels,173,NDUFB8,False
resistance_ProliferatingTumor_Granulocytes_Vessels,174,CASP1,False
resistance_ProliferatingTumor_Granulocytes_Vessels,175,TYMS,False
resistance_ProliferatingTumor_Granulocytes_Vessels,176,MCM5,False
resistance_ProliferatingTumor_Granulocytes_Vessels,177,CNOT2,False
resistance_ProliferatingTumor_Granulocytes_Vessels,178,STMN1,False
resistance_ProliferatingTumor_Granulocytes_Vessels,179,GADD45B,False
resistance_ProliferatingTumor_Granulocytes_Vessels,180,FH,False
resistance_ProliferatingTumor_Granulocytes_Vessels,181,LGALS3,False
resistance_ProliferatingTumor_Granulocytes_Vessels,182,OAS2,False
resistance_ProliferatingTumor_Granulocytes_Vessels,183,IGFBP3,False
resistance_ProliferatingTumor_Granulocytes_Vessels,184,IRF9,False
resistance_ProliferatingTumor_Granulocytes_Vessels,185,TYMP,False
resistance_ProliferatingTumor_Granulocytes_Vessels,186,SERINC3,False
resistance_ProliferatingTumor_Granulocytes_Vessels,187,THBD,False
resistance_ProliferatingTumor_Granulocytes_Vessels,188,ZC3H12A,False
resistance_ProliferatingTumor_Granulocytes_Vessels,189,HLA.A,False
resistance_ProliferatingTumor_Granulocytes_Vessels,190,STAT3,False
resistance_ProliferatingTumor_Granulocytes_Vessels,191,HSPA1A,False
resistance_ProliferatingTumor_Granulocytes_Vessels,192,SFN,False
resistance_ProliferatingTumor_Granulocytes_Vessels,193,U2AF1,False
resistance_ProliferatingTumor_Granulocytes_Vessels,194,S100A8,False
resistance_ProliferatingTumor_Granulocytes_Vessels,195,ISG15,False
resistance_ProliferatingTumor_Granulocytes_Vessels,196,PDPN,False
resistance_ProliferatingTumor_Granulocytes_Vessels,197,P4HA2,False
resistance_ProliferatingTumor_Granulocytes_Vessels,198,DUSP6,False
resistance_ProliferatingTumor_Granulocytes_Vessels,199,COL17A1,False
resistance_ProliferatingTumor_Granulocytes_Vessels,200,IFNGR1,False
resistance_ProliferatingTumor_Granulocytes_Vessels,201,COX4I1,False
resistance_ProliferatingTumor_Granulocytes_Vessels,202,KRT6B,False
resistance_ProliferatingTumor_Granulocytes_Vessels,203,CTSH,False
resistance_ProliferatingTumor_Granulocytes_Vessels,204,IL20RB,False
resistance_ProliferatingTumor_Granulocytes_Vessels,205,RAB7A,False
resistance_ProliferatingTumor_Granulocytes_Vessels,206,CEACAM6,False
resistance_ProliferatingTumor_Granulocytes_Vessels,207,NASP,False
resistance_ProliferatingTumor_Granulocytes_Vessels,208,GNAS,False
resistance_ProliferatingTumor_Granulocytes_Vessels,209,TPI1,False
resistance_ProliferatingTumor_Granulocytes_Vessels,210,PIN1,False
resistance_ProliferatingTumor_Granulocytes_Vessels,211,ITGB1,False
resistance_ProliferatingTumor_Granulocytes_Vessels,212,PSMC4,False
resistance_ProliferatingTumor_Granulocytes_Vessels,213,SGK1,False
resistance_ProliferatingTumor_Granulocytes_Vessels,214,NFKBIZ,False
resistance_ProliferatingTumor_Granulocytes_Vessels,215,CDK4,False
resistance_ProliferatingTumor_Granulocytes_Vessels,216,C1S,False
resistance_ProliferatingTumor_Granulocytes_Vessels,217,FCGRT,False
resistance_ProliferatingTumor_Granulocytes_Vessels,218,RPS6,False
resistance_ProliferatingTumor_Granulocytes_Vessels,219,PLAT,False
resistance_ProliferatingTumor_Granulocytes_Vessels,220,CD74,False
resistance_ProliferatingTumor_Granulocytes_Vessels,221,SRP54,False
resistance_ProliferatingTumor_Granulocytes_Vessels,222,NDUFA1,False
resistance_ProliferatingTumor_Granulocytes_Vessels,223,BRD2,False
resistance_ProliferatingTumor_Granulocytes_Vessels,224,IL32,False
resistance_ProliferatingTumor_Granulocytes_Vessels,225,LYZ,False
resistance_ProliferatingTumor_Granulocytes_Vessels,226,IFITM1,False
resistance_ProliferatingTumor_Granulocytes_Vessels,227,PLAUR,False
resistance_ProliferatingTumor_Granulocytes_Vessels,228,SLC16A1,False
resistance_ProliferatingTumor_Granulocytes_Vessels,229,OAT,False
resistance_ProliferatingTumor_Granulocytes_Vessels,230,NRP1,False
resistance_ProliferatingTumor_Granulocytes_Vessels,231,NDUFS8,False
resistance_ProliferatingTumor_Granulocytes_Vessels,232,PIM1,False
resistance_ProliferatingTumor_Granulocytes_Vessels,233,SERINC2,False
resistance_ProliferatingTumor_Granulocytes_Vessels,234,NDUFA4L2,False
resistance_ProliferatingTumor_Granulocytes_Vessels,235,BNIP3,False
resistance_ProliferatingTumor_Granulocytes_Vessels,236,PSMB2,False
resistance_ProliferatingTumor_Granulocytes_Vessels,237,ALDOA,False
resistance_ProliferatingTumor_Granulocytes_Vessels,238,ADA,False
resistance_ProliferatingTumor_Granulocytes_Vessels,239,CD24,False
resistance_ProliferatingTumor_Granulocytes_Vessels,240,INHBA,False
resistance_ProliferatingTumor_Granulocytes_Vessels,241,GLUL,False
resistance_ProliferatingTumor_Granulocytes_Vessels,242,ICAM1,False
resistance_ProliferatingTumor_Granulocytes_Vessels,243,LY6E,False
resistance_ProliferatingTumor_Granulocytes_Vessels,244,CFB,False
resistance_ProliferatingTumor_Granulocytes_Vessels,245,MIF,False
resistance_ProliferatingTumor_Granulocytes_Vessels,246,CD44,False
resistance_ProliferatingTumor_Granulocytes_Vessels,247,ITGA5,False
resistance_ProliferatingTumor_Granulocytes_Vessels,248,CCNB1,False
resistance_ProliferatingTumor_Granulocytes_Vessels,249,RPL7A,False
resistance_ProliferatingTumor_Granulocytes_Vessels,250,TUBB,False
resistance_ProliferatingTumor_Granulocytes_Vessels,251,IFI27,False
resistance_ProliferatingTumor_Granulocytes_Vessels,252,PHGDH,False
resistance_ProliferatingTumor_Granulocytes_Vessels,253,TNFAIP3,False
resistance_ProliferatingTumor_Granulocytes_Vessels,254,UQCR10,False
resistance_ProliferatingTumor_Granulocytes_Vessels,255,PSMB7,False
resistance_ProliferatingTumor_Granulocytes_Vessels,256,SOD1,False
resistance_ProliferatingTumor_Granulocytes_Vessels,257,CAPN2,False
resistance_ProliferatingTumor_Granulocytes_Vessels,258,NR4A1,False
resistance_ProliferatingTumor_Granulocytes_Vessels,259,MCM2,False
resistance_ProliferatingTumor_Granulocytes_Vessels,260,POLR2A,False
resistance_ProliferatingTumor_Granulocytes_Vessels,261,CXCL10,False
resistance_ProliferatingTumor_Granulocytes_Vessels,262,JUP,False
resistance_ProliferatingTumor_Granulocytes_Vessels,263,NFKBIA,False
resistance_ProliferatingTumor_Granulocytes_Vessels,264,ATOX1,False
resistance_ProliferatingTumor_Granulocytes_Vessels,265,RAC2,False
resistance_ProliferatingTumor_Granulocytes_Vessels,266,ITGB4,False
resistance_ProliferatingTumor_Granulocytes_Vessels,267,TAP1,False
resistance_ProliferatingTumor_Granulocytes_Vessels,268,ETS2,False
resistance_ProliferatingTumor_Granulocytes_Vessels,269,NUPR1,False
resistance_ProliferatingTumor_Granulocytes_Vessels,270,IFITM2,False
resistance_ProliferatingTumor_Granulocytes_Vessels,271,DUSP1,False
resistance_ProliferatingTumor_Granulocytes_Vessels,272,NDUFB10,False
resistance_ProliferatingTumor_Granulocytes_Vessels,273,KRT14,False
resistance_ProliferatingTumor_Granulocytes_Vessels,274,IFI6,False
resistance_ProliferatingTumor_Granulocytes_Vessels,275,UBE2C,False
resistance_ProliferatingTumor_Granulocytes_Vessels,276,IL1R2,False
resistance_ProliferatingTumor_Granulocytes_Vessels,277,CD63,False
resistance_ProliferatingTumor_Granulocytes_Vessels,278,HPRT1,False
resistance_ProliferatingTumor_Granulocytes_Vessels,279,HIF1A,False
resistance_ProliferatingTumor_Granulocytes_Vessels,280,ACTB,False
resistance_ProliferatingTumor_Granulocytes_Vessels,281,IFI35,False
resistance_ProliferatingTumor_Granulocytes_Vessels,282,HLA.B,False
resistance_ProliferatingTumor_Granulocytes_Vessels,283,OAZ1,False
resistance_ProliferatingTumor_Granulocytes_Vessels,284,FOSL1,False
resistance_ProliferatingTumor_Granulocytes_Vessels,285,S100A9,False
resistance_ProliferatingTumor_Granulocytes_Vessels,286,NPM1,False
resistance_ProliferatingTumor_Granulocytes_Vessels,287,LTBP1,False
resistance_ProliferatingTumor_Granulocytes_Vessels,288,KRT17,False
resistance_ProliferatingTumor_Granulocytes_Vessels,289,CTNNB1,False
resistance_ProliferatingTumor_Granulocytes_Vessels,290,ITGA6,False
resistance_ProliferatingTumor_Granulocytes_Vessels,291,CCND1,False
resistance_ProliferatingTumor_Granulocytes_Vessels,292,CDH3,False
resistance_ProliferatingTumor_Granulocytes_Vessels,293,PDZK1IP1,False
resistance_ProliferatingTumor_Granulocytes_Vessels,294,CALML5,False
resistance_ProliferatingTumor_Granulocytes_Vessels,295,EIF2B4,False
resistance_ProliferatingTumor_Granulocytes_Vessels,296,EIF4EBP1,False
resistance_ProliferatingTumor_Granulocytes_Vessels,297,KRT7,False
resistance_ProliferatingTumor_Granulocytes_Vessels,298,P4HA1,False
resistance_ProliferatingTumor_Granulocytes_Vessels,299,MX1,False
resistance_ProliferatingTumor_Granulocytes_Vessels,300,CD164,False
resistance_ProliferatingTumor_Granulocytes_Vessels,301,MAGEA4,False
resistance_ProliferatingTumor_Granulocytes_Vessels,302,IFIT3,False
resistance_ProliferatingTumor_Granulocytes_Vessels,303,PLAU,False
resistance_ProliferatingTumor_Granulocytes_Vessels,304,SERPINB5,False
resistance_ProliferatingTumor_Granulocytes_Vessels,305,NDUFA11,False
resistance_ProliferatingTumor_Granulocytes_Vessels,306,HLA.E,False
resistance_ProliferatingTumor_Granulocytes_Vessels,307,TWF1,False
resistance_ProliferatingTumor_Granulocytes_Vessels,308,JAG1,False
resistance_ProliferatingTumor_Granulocytes_Vessels,309,HLA.DPA1,False
resistance_ProliferatingTumor_Granulocytes_Vessels,310,PCNA,False
resistance_ProliferatingTumor_Granulocytes_Vessels,311,TPM1,False
resistance_ProliferatingTumor_Granulocytes_Vessels,312,ECSIT,False
resistance_ProliferatingTumor_Granulocytes_Vessels,313,ILF3,False
resistance_ProliferatingTumor_Granulocytes_Vessels,314,CCND3,False
resistance_ProliferatingTumor_Granulocytes_Vessels,315,TNC,False
resistance_ProliferatingTumor_Granulocytes_Vessels,316,DDIT3,False
resistance_ProliferatingTumor_Granulocytes_Vessels,317,POLR2H,False
resistance_ProliferatingTumor_Granulocytes_Vessels,318,RPL23,False
resistance_ProliferatingTumor_Granulocytes_Vessels,319,EWSR1,False
resistance_ProliferatingTumor_Granulocytes_Vessels,320,PKM,False
resistance_ProliferatingTumor_Granulocytes_Vessels,321,FLNA,False
resistance_ProliferatingTumor_Granulocytes_Vessels,322,NDUFS7,False
resistance_ProliferatingTumor_Granulocytes_Vessels,323,PSMB9,False
resistance_ProliferatingTumor_Granulocytes_Vessels,324,AQP9,False
resistance_ProliferatingTumor_Granulocytes_Vessels,325,BCL2A1,False
resistance_ProliferatingTumor_Granulocytes_Vessels,326,BIRC3,False
resistance_ProliferatingTumor_Granulocytes_Vessels,327,BRAF,False
resistance_ProliferatingTumor_Granulocytes_Vessels,328,BST1,False
resistance_ProliferatingTumor_Granulocytes_Vessels,329,C3AR1,False
resistance_ProliferatingTumor_Granulocytes_Vessels,330,C5AR1,False
resistance_ProliferatingTumor_Granulocytes_Vessels,331,CAMP,False
resistance_ProliferatingTumor_Granulocytes_Vessels,332,CCL13,False
resistance_ProliferatingTumor_Granulocytes_Vessels,333,CCL14,False
resistance_ProliferatingTumor_Granulocytes_Vessels,334,CCL17,False
resistance_ProliferatingTumor_Granulocytes_Vessels,335,CCL18,False
resistance_ProliferatingTumor_Granulocytes_Vessels,336,CCL19,False
resistance_ProliferatingTumor_Granulocytes_Vessels,337,CCL22,False
resistance_ProliferatingTumor_Granulocytes_Vessels,338,CCL23,False
resistance_ProliferatingTumor_Granulocytes_Vessels,339,CCL4,False
resistance_ProliferatingTumor_Granulocytes_Vessels,340,CCL5,False
resistance_ProliferatingTumor_Granulocytes_Vessels,341,CCL7,False
resistance_ProliferatingTumor_Granulocytes_Vessels,342,CCL8,False
resistance_ProliferatingTumor_Granulocytes_Vessels,343,CCND2,False
resistance_ProliferatingTumor_Granulocytes_Vessels,344,CCR2,False
resistance_ProliferatingTumor_Granulocytes_Vessels,345,CCR3,False
resistance_ProliferatingTumor_Granulocytes_Vessels,346,CCR5,False
resistance_ProliferatingTumor_Granulocytes_Vessels,347,CCR7,False
resistance_ProliferatingTumor_Granulocytes_Vessels,348,CD160,False
resistance_ProliferatingTumor_Granulocytes_Vessels,349,CD180,False
resistance_ProliferatingTumor_Granulocytes_Vessels,350,CD19,False
resistance_ProliferatingTumor_Granulocytes_Vessels,351,CD1A,False
resistance_ProliferatingTumor_Granulocytes_Vessels,352,CD1B,False
resistance_ProliferatingTumor_Granulocytes_Vessels,353,CD1C,False
resistance_ProliferatingTumor_Granulocytes_Vessels,354,CD1D,False
resistance_ProliferatingTumor_Granulocytes_Vessels,355,CD1E,False
resistance_ProliferatingTumor_Granulocytes_Vessels,356,CD2,False
resistance_ProliferatingTumor_Granulocytes_Vessels,357,CD209,False
resistance_ProliferatingTumor_Granulocytes_Vessels,358,CD22,False
resistance_ProliferatingTumor_Granulocytes_Vessels,359,CD244,False
resistance_ProliferatingTumor_Granulocytes_Vessels,360,CD247,False
resistance_ProliferatingTumor_Granulocytes_Vessels,361,CD27,False
resistance_ProliferatingTumor_Granulocytes_Vessels,362,CD28,False
resistance_ProliferatingTumor_Granulocytes_Vessels,363,CD300A,False
resistance_ProliferatingTumor_Granulocytes_Vessels,364,CD37,False
resistance_ProliferatingTumor_Granulocytes_Vessels,365,CD38,False
resistance_ProliferatingTumor_Granulocytes_Vessels,366,CD3D,False
resistance_ProliferatingTumor_Granulocytes_Vessels,367,CD3E,False
resistance_ProliferatingTumor_Granulocytes_Vessels,368,CD3G,False
resistance_ProliferatingTumor_Granulocytes_Vessels,369,CD4,False
resistance_ProliferatingTumor_Granulocytes_Vessels,370,CD40,False
resistance_ProliferatingTumor_Granulocytes_Vessels,371,CD40LG,False
resistance_ProliferatingTumor_Granulocytes_Vessels,372,CD5,False
resistance_ProliferatingTumor_Granulocytes_Vessels,373,CD6,False
resistance_ProliferatingTumor_Granulocytes_Vessels,374,CD69,False
resistance_ProliferatingTumor_Granulocytes_Vessels,375,CD70,False
resistance_ProliferatingTumor_Granulocytes_Vessels,376,CD79A,False
resistance_ProliferatingTumor_Granulocytes_Vessels,377,CD79B,False
resistance_ProliferatingTumor_Granulocytes_Vessels,378,CD80,False
resistance_ProliferatingTumor_Granulocytes_Vessels,379,CD86,False
resistance_ProliferatingTumor_Granulocytes_Vessels,380,CD8A,False
resistance_ProliferatingTumor_Granulocytes_Vessels,381,CD96,False
resistance_ProliferatingTumor_Granulocytes_Vessels,382,CEACAM3,False
resistance_ProliferatingTumor_Granulocytes_Vessels,383,CEACAM8,False
resistance_ProliferatingTumor_Granulocytes_Vessels,384,CFP,False
resistance_ProliferatingTumor_Granulocytes_Vessels,385,CLEC4A,False
resistance_ProliferatingTumor_Granulocytes_Vessels,386,CLEC7A,False
resistance_ProliferatingTumor_Granulocytes_Vessels,387,CMA1,False
resistance_ProliferatingTumor_Granulocytes_Vessels,388,CPA3,False
resistance_ProliferatingTumor_Granulocytes_Vessels,389,CR2,False
resistance_ProliferatingTumor_Granulocytes_Vessels,390,CREB5,False
resistance_ProliferatingTumor_Granulocytes_Vessels,391,CSF1,False
resistance_ProliferatingTumor_Granulocytes_Vessels,392,CSF3R,False
resistance_ProliferatingTumor_Granulocytes_Vessels,393,CTLA4,False
resistance_ProliferatingTumor_Granulocytes_Vessels,394,CTSG,False
resistance_ProliferatingTumor_Granulocytes_Vessels,395,CXCL11,False
resistance_ProliferatingTumor_Granulocytes_Vessels,396,CXCL5,False
resistance_ProliferatingTumor_Granulocytes_Vessels,397,CXCL9,False
resistance_ProliferatingTumor_Granulocytes_Vessels,398,CXCR1,False
resistance_ProliferatingTumor_Granulocytes_Vessels,399,CXCR2,False
resistance_ProliferatingTumor_Granulocytes_Vessels,400,CXCR6,False
resistance_ProliferatingTumor_Granulocytes_Vessels,401,EFNA5,False
resistance_ProliferatingTumor_Granulocytes_Vessels,402,EGR2,False
resistance_ProliferatingTumor_Granulocytes_Vessels,403,ELANE,False
resistance_ProliferatingTumor_Granulocytes_Vessels,404,ETS1,False
resistance_ProliferatingTumor_Granulocytes_Vessels,405,FAM124B,False
resistance_ProliferatingTumor_Granulocytes_Vessels,406,FASLG,False
resistance_ProliferatingTumor_Granulocytes_Vessels,407,FCER1A,False
resistance_ProliferatingTumor_Granulocytes_Vessels,408,FCGR3B,False
resistance_ProliferatingTumor_Granulocytes_Vessels,409,FCN1,False
resistance_ProliferatingTumor_Granulocytes_Vessels,410,FCRL2,False
resistance_ProliferatingTumor_Granulocytes_Vessels,411,FLT3LG,False
resistance_ProliferatingTumor_Granulocytes_Vessels,412,FOXP3,False
resistance_ProliferatingTumor_Granulocytes_Vessels,413,FPR1,False
resistance_ProliferatingTumor_Granulocytes_Vessels,414,FPR2,False
resistance_ProliferatingTumor_Granulocytes_Vessels,415,FPR3,False
resistance_ProliferatingTumor_Granulocytes_Vessels,416,FZD3,False
resistance_ProliferatingTumor_Granulocytes_Vessels,417,GNG7,False
resistance_ProliferatingTumor_Granulocytes_Vessels,418,GNLY,False
resistance_ProliferatingTumor_Granulocytes_Vessels,419,GPC4,False
resistance_ProliferatingTumor_Granulocytes_Vessels,420,GZMA,False
resistance_ProliferatingTumor_Granulocytes_Vessels,421,GZMB,False
resistance_ProliferatingTumor_Granulocytes_Vessels,422,GZMH,False
resistance_ProliferatingTumor_Granulocytes_Vessels,423,GZMK,False
resistance_ProliferatingTumor_Granulocytes_Vessels,424,GZMM,False
resistance_ProliferatingTumor_Granulocytes_Vessels,425,HCK,False
resistance_ProliferatingTumor_Granulocytes_Vessels,426,HDC,False
resistance_ProliferatingTumor_Granulocytes_Vessels,427,HHEX,False
resistance_ProliferatingTumor_Granulocytes_Vessels,428,IDO1,False
resistance_ProliferatingTumor_Granulocytes_Vessels,429,IFNG,False
resistance_ProliferatingTumor_Granulocytes_Vessels,430,IL12B,False
resistance_ProliferatingTumor_Granulocytes_Vessels,431,IL18R1,False
resistance_ProliferatingTumor_Granulocytes_Vessels,432,IL18RAP,False
resistance_ProliferatingTumor_Granulocytes_Vessels,433,IL1A,False
resistance_ProliferatingTumor_Granulocytes_Vessels,434,IL1B,False
resistance_ProliferatingTumor_Granulocytes_Vessels,435,IL1RL1,False
resistance_ProliferatingTumor_Granulocytes_Vessels,436,IL21,False
resistance_ProliferatingTumor_Granulocytes_Vessels,437,IL2RA,False
resistance_ProliferatingTumor_Granulocytes_Vessels,438,IL2RB,False
resistance_ProliferatingTumor_Granulocytes_Vessels,439,IL3,False
resistance_ProliferatingTumor_Granulocytes_Vessels,440,IL4,False
resistance_ProliferatingTumor_Granulocytes_Vessels,441,IL4R,False
resistance_ProliferatingTumor_Granulocytes_Vessels,442,IL5RA,False
resistance_ProliferatingTumor_Granulocytes_Vessels,443,IL7R,False
resistance_ProliferatingTumor_Granulocytes_Vessels,444,IRF8,False
resistance_ProliferatingTumor_Granulocytes_Vessels,445,ITK,False
resistance_ProliferatingTumor_Granulocytes_Vessels,446,KLRB1,False
resistance_ProliferatingTumor_Granulocytes_Vessels,447,KLRD1,False
resistance_ProliferatingTumor_Granulocytes_Vessels,448,KLRF1,False
resistance_ProliferatingTumor_Granulocytes_Vessels,449,KLRG1,False
resistance_ProliferatingTumor_Granulocytes_Vessels,450,KLRK1,False
resistance_ProliferatingTumor_Granulocytes_Vessels,451,LAIR2,False
resistance_ProliferatingTumor_Granulocytes_Vessels,452,LAMP3,False
resistance_ProliferatingTumor_Granulocytes_Vessels,453,LAT,False
resistance_ProliferatingTumor_Granulocytes_Vessels,454,LCK,False
resistance_ProliferatingTumor_Granulocytes_Vessels,455,LEF1,False
resistance_ProliferatingTumor_Granulocytes_Vessels,456,LILRA3,False
resistance_ProliferatingTumor_Granulocytes_Vessels,457,LILRB2,False
resistance_ProliferatingTumor_Granulocytes_Vessels,458,LTB,False
resistance_ProliferatingTumor_Granulocytes_Vessels,459,LY86,False
resistance_ProliferatingTumor_Granulocytes_Vessels,460,LY9,False
resistance_ProliferatingTumor_Granulocytes_Vessels,461,MEFV,False
resistance_ProliferatingTumor_Granulocytes_Vessels,462,MS4A1,False
resistance_ProliferatingTumor_Granulocytes_Vessels,463,MS4A2,False
resistance_ProliferatingTumor_Granulocytes_Vessels,464,MS4A6A,False
resistance_ProliferatingTumor_Granulocytes_Vessels,465,MYB,False
resistance_ProliferatingTumor_Granulocytes_Vessels,466,NLRP3,False
resistance_ProliferatingTumor_Granulocytes_Vessels,467,NOD2,False
resistance_ProliferatingTumor_Granulocytes_Vessels,468,NR4A3,False
resistance_ProliferatingTumor_Granulocytes_Vessels,469,OSM,False
resistance_ProliferatingTumor_Granulocytes_Vessels,470,P2RY13,False
resistance_ProliferatingTumor_Granulocytes_Vessels,471,PDCD1,False
resistance_ProliferatingTumor_Granulocytes_Vessels,472,PDCD1LG2,False
resistance_ProliferatingTumor_Granulocytes_Vessels,473,PDK1,False
resistance_ProliferatingTumor_Granulocytes_Vessels,474,PNOC,False
resistance_ProliferatingTumor_Granulocytes_Vessels,475,PPBP,False
resistance_ProliferatingTumor_Granulocytes_Vessels,476,PRF1,False
resistance_ProliferatingTumor_Granulocytes_Vessels,477,PRG2,False
resistance_ProliferatingTumor_Granulocytes_Vessels,478,PVRIG,False
resistance_ProliferatingTumor_Granulocytes_Vessels,479,RASGRP2,False
resistance_ProliferatingTumor_Granulocytes_Vessels,480,RSAD2,False
resistance_ProliferatingTumor_Granulocytes_Vessels,481,S100A12,False
resistance_ProliferatingTumor_Granulocytes_Vessels,482,SAMSN1,False
resistance_ProliferatingTumor_Granulocytes_Vessels,483,SELL,False
resistance_ProliferatingTumor_Granulocytes_Vessels,484,SIGLEC1,False
resistance_ProliferatingTumor_Granulocytes_Vessels,485,SLAMF1,False
resistance_ProliferatingTumor_Granulocytes_Vessels,486,SMPD3,False
resistance_ProliferatingTumor_Granulocytes_Vessels,487,SPIB,False
resistance_ProliferatingTumor_Granulocytes_Vessels,488,TBX21,False
resistance_ProliferatingTumor_Granulocytes_Vessels,489,TCF7,False
resistance_ProliferatingTumor_Granulocytes_Vessels,490,TCL1A,False
resistance_ProliferatingTumor_Granulocytes_Vessels,491,TLR2,False
resistance_ProliferatingTumor_Granulocytes_Vessels,492,TLR7,False
resistance_ProliferatingTumor_Granulocytes_Vessels,493,TLR8,False
resistance_ProliferatingTumor_Granulocytes_Vessels,494,TNFAIP6,False
resistance_ProliferatingTumor_Granulocytes_Vessels,495,TNFRSF10C,False
resistance_ProliferatingTumor_Granulocytes_Vessels,496,TNFRSF13B,False
resistance_ProliferatingTumor_Granulocytes_Vessels,497,TNFSF14,False
resistance_ProliferatingTumor_Granulocytes_Vessels,498,TPSAB1,False
resistance_ProliferatingTumor_Granulocytes_Vessels,499,TRAC,False
resistance_ProliferatingTumor_Granulocytes_Vessels,500,TRAT1,False
resistance_ProliferatingTumor_Granulocytes_Vessels,501,TRBC1,False
resistance_ProliferatingTumor_Granulocytes_Vessels,502,TRDC,False
resistance_ProliferatingTumor_Granulocytes_Vessels,503,TREM1,False
resistance_ProliferatingTumor_Granulocytes_Vessels,504,TXK,False
resistance_ProliferatingTumor_Granulocytes_Vessels,505,ZAP70,False
resistance_ProliferatingTumor_Granulocytes_Vessels,506,MET,False
resistance_ProliferatingTumor_Granulocytes_Vessels,507,MAP3K13,False
resistance_ProliferatingTumor_Granulocytes_Vessels,508,WNT7B,False
resistance_ProliferatingTumor_Granulocytes_Vessels,509,AKAP1,False
resistance_ProliferatingTumor_Granulocytes_Vessels,510,SPINK5,False
resistance_ProliferatingTumor_Granulocytes_Vessels,511,MUC1,False
resistance_ProliferatingTumor_Granulocytes_Vessels,512,MMP7,False
resistance_ProliferatingTumor_Granulocytes_Vessels,513,TNFRSF1B,False
resistance_ProliferatingTumor_Granulocytes_Vessels,514,TLR4,False
resistance_ProliferatingTumor_Granulocytes_Vessels,515,IL17RA,False
resistance_ProliferatingTumor_Granulocytes_Vessels,516,TFE3,False
resistance_ProliferatingTumor_Granulocytes_Vessels,517,CLEC4E,False
resistance_ProliferatingTumor_Granulocytes_Vessels,518,WIPF1,False
resistance_ProliferatingTumor_Granulocytes_Vessels,519,STAT5B,False
resistance_ProliferatingTumor_Granulocytes_Vessels,520,PRKCD,False
resistance_ProliferatingTumor_Granulocytes_Vessels,521,LCP1,False
resistance_ProliferatingTumor_Granulocytes_Vessels,522,FCAR,False
resistance_ProliferatingTumor_Granulocytes_Vessels,523,STAT6,False
resistance_ProliferatingTumor_Granulocytes_Vessels,524,LILRB3,False
resistance_ProliferatingTumor_Granulocytes_Vessels,525,CSF2RB,False
resistance_ProliferatingTumor_Granulocytes_Vessels,526,CR1,False
resistance_ProliferatingTumor_Granulocytes_Vessels,527,PTGS2,False
resistance_ProliferatingTumor_Granulocytes_Vessels,528,NFAM1,False
resistance_ProliferatingTumor_Granulocytes_Vessels,529,BCL6,False
resistance_ProliferatingTumor_Granulocytes_Vessels,530,SLC11A1,False
resistance_ProliferatingTumor_Granulocytes_Vessels,531,ITGAX,False
resistance_ProliferatingTumor_Granulocytes_Vessels,532,GMIP,False
resistance_ProliferatingTumor_Granulocytes_Vessels,533,IL6R,False
resistance_ProliferatingTumor_Granulocytes_Vessels,534,MTF1,False
resistance_ProliferatingTumor_Granulocytes_Vessels,535,MME,False
resistance_ProliferatingTumor_Granulocytes_Vessels,536,IGF2R,False
resistance_ProliferatingTumor_Granulocytes_Vessels,537,CDKN2D,False
resistance_ProliferatingTumor_Granulocytes_Vessels,538,NOTCH1,False
resistance_ProliferatingTumor_Granulocytes_Vessels,539,SIRPA,False
resistance_ProliferatingTumor_Granulocytes_Vessels,540,UQCR11,False
resistance_ProliferatingTumor_Granulocytes_Vessels,541,KLF4,False
resistance_ProliferatingTumor_Granulocytes_Vessels,542,SOCS3,False
resistance_ProliferatingTumor_Granulocytes_Vessels,543,NCOR1,False
resistance_ProliferatingTumor_Granulocytes_Vessels,544,CD55,False
resistance_ProliferatingTumor_Granulocytes_Vessels,545,PLA1A,False
resistance_ProliferatingTumor_Granulocytes_Vessels,546,STC1,False
resistance_ProliferatingTumor_Granulocytes_Vessels,547,MCAM,False
resistance_ProliferatingTumor_Granulocytes_Vessels,548,RBL2,False
resistance_ProliferatingTumor_Granulocytes_Vessels,549,TXNIP,False
resistance_ProliferatingTumor_Granulocytes_Vessels,550,CKLF,False
resistance_ProliferatingTumor_Granulocytes_Vessels,551,MBNL1,False
resistance_ProliferatingTumor_Granulocytes_Vessels,552,NOS3,False
resistance_ProliferatingTumor_Granulocytes_Vessels,553,TGFBR2,False
resistance_ProliferatingTumor_Granulocytes_Vessels,554,IRF3,False
resistance_ProliferatingTumor_Granulocytes_Vessels,555,SELP,False
resistance_ProliferatingTumor_Granulocytes_Vessels,556,DLL4,False
resistance_ProliferatingTumor_Granulocytes_Vessels,557,GUSB,False
resistance_ProliferatingTumor_Granulocytes_Vessels,558,CD34,False
resistance_ProliferatingTumor_Granulocytes_Vessels,559,GLUD1,False
resistance_ProliferatingTumor_Granulocytes_Vessels,560,MYD88,False
resistance_ProliferatingTumor_Granulocytes_Vessels,561,A2M,False
resistance_ProliferatingTumor_Granulocytes_Vessels,562,TSPAN7,False
resistance_ProliferatingTumor_Granulocytes_Vessels,563,IL15RA,False
resistance_ProliferatingTumor_Granulocytes_Vessels,564,GIMAP6,False
resistance_ProliferatingTumor_Granulocytes_Vessels,565,ROBO4,False
resistance_ProliferatingTumor_Granulocytes_Vessels,566,ELMO1,False
resistance_ProliferatingTumor_Granulocytes_Vessels,567,MECOM,False
resistance_ProliferatingTumor_Granulocytes_Vessels,568,PYCR2,False
resistance_ProliferatingTumor_Granulocytes_Vessels,569,BID,False
resistance_ProliferatingTumor_Granulocytes_Vessels,570,RASA4,False
resistance_ProliferatingTumor_Granulocytes_Vessels,571,GBP2,False
resistance_ProliferatingTumor_Granulocytes_Vessels,572,TIE1,False
resistance_ProliferatingTumor_Granulocytes_Vessels,573,MCL1,False
resistance_ProliferatingTumor_Granulocytes_Vessels,574,CLU,False
resistance_ProliferatingTumor_Granulocytes_Vessels,575,TNFRSF10B,False
resistance_ProliferatingTumor_Granulocytes_Vessels,576,CDH5,False
resistance_ProliferatingTumor_Granulocytes_Vessels,577,TNFRSF10D,False
resistance_ProliferatingTumor_Granulocytes_Vessels,578,SMC3,False
resistance_ProliferatingTumor_Granulocytes_Vessels,579,MAPK12,False
resistance_ProliferatingTumor_Granulocytes_Vessels,580,SNAI1,False
resistance_ProliferatingTumor_Granulocytes_Vessels,581,THY1,False
resistance_ProliferatingTumor_Granulocytes_Vessels,582,CD200,False
resistance_ProliferatingTumor_Granulocytes_Vessels,583,FLT1,False
resistance_ProliferatingTumor_Granulocytes_Vessels,584,ASL,False
resistance_ProliferatingTumor_Granulocytes_Vessels,585,PGF,False
resistance_ProliferatingTumor_Granulocytes_Vessels,586,HLA.DPB1,False
resistance_ProliferatingTumor_Granulocytes_Vessels,587,SPRY4,False
resistance_ProliferatingTumor_Granulocytes_Vessels,588,BMP4,False
resistance_ProliferatingTumor_Granulocytes_Vessels,589,CCL2,False
resistance_ProliferatingTumor_Granulocytes_Vessels,590,IL3RA,False
resistance_ProliferatingTumor_Granulocytes_Vessels,591,EDN1,False
resistance_ProliferatingTumor_Granulocytes_Vessels,592,CXCR4,False
resistance_ProliferatingTumor_Granulocytes_Vessels,593,ERG,False
resistance_ProliferatingTumor_Granulocytes_Vessels,594,NTHL1,False
resistance_ProliferatingTumor_Granulocytes_Vessels,595,PRR5,False
resistance_ProliferatingTumor_Granulocytes_Vessels,596,LRRC32,False
resistance_ProliferatingTumor_Granulocytes_Vessels,597,CD276,False
resistance_ProliferatingTumor_Granulocytes_Vessels,598,PALMD,False
resistance_ProliferatingTumor_Granulocytes_Vessels,599,BCL6B,False
resistance_ProliferatingTumor_Granulocytes_Vessels,600,FZD4,False
resistance_ProliferatingTumor_Granulocytes_Vessels,601,MEF2C,False
resistance_ProliferatingTumor_Granulocytes_Vessels,602,MMRN2,False
resistance_ProliferatingTumor_Granulocytes_Vessels,603,SELE,False
resistance_ProliferatingTumor_Granulocytes_Vessels,604,HLA.DMB,False
resistance_ProliferatingTumor_Granulocytes_Vessels,605,KEAP1,False
resistance_ProliferatingTumor_Granulocytes_Vessels,606,SIGIRR,False
resistance_ProliferatingTumor_Granulocytes_Vessels,607,PECAM1,True
resistance_ProliferatingTumor_Granulocytes_Vessels,608,CLEC14A,False
resistance_ProliferatingTumor_Granulocytes_Vessels,609,MFNG,False
resistance_ProliferatingTumor_Granulocytes_Vessels,610,PUM1,False
resistance_ProliferatingTumor_Granulocytes_Vessels,611,HLA.DRB5,False
resistance_ProliferatingTumor_Granulocytes_Vessels,612,PDGFD,False
resistance_ProliferatingTumor_Granulocytes_Vessels,613,TNFRSF14,False
resistance_ProliferatingTumor_Granulocytes_Vessels,614,DLL1,False
resistance_ProliferatingTumor_Granulocytes_Vessels,615,CSF3,False
resistance_ProliferatingTumor_Granulocytes_Vessels,616,PFKFB3,False
resistance_ProliferatingTumor_Granulocytes_Vessels,617,ERCC3,False
resistance_ProliferatingTumor_Granulocytes_Vessels,618,ENG,False
resistance_ProliferatingTumor_Granulocytes_Vessels,619,LOXL2,False
resistance_ProliferatingTumor_Granulocytes_Vessels,620,CFI,False
resistance_ProliferatingTumor_Granulocytes_Vessels,621,RHOB,False
resistance_ProliferatingTumor_Granulocytes_Vessels,622,ZBTB20,False
resistance_ProliferatingTumor_Granulocytes_Vessels,623,IRF7,False
resistance_ProliferatingTumor_Granulocytes_Vessels,624,ICAM2,False
resistance_ProliferatingTumor_Granulocytes_Vessels,625,SPRY1,False
resistance_ProliferatingTumor_Granulocytes_Vessels,626,GIMAP4,False
resistance_ProliferatingTumor_Granulocytes_Vessels,627,ID2,False
resistance_ProliferatingTumor_Granulocytes_Vessels,628,GATA2,False
resistance_ProliferatingTumor_Granulocytes_Vessels,629,ZBTB16,False
resistance_ProliferatingTumor_Granulocytes_Vessels,630,CX3CL1,False
resistance_ProliferatingTumor_Granulocytes_Vessels,631,IL6ST,False
resistance_ProliferatingTumor_Granulocytes_Vessels,632,RELA,False
resistance_ProliferatingTumor_Granulocytes_Vessels,633,PPP3CA,False
resistance_ProliferatingTumor_Granulocytes_Vessels,634,SPOP,False
resistance_ProliferatingTumor_Granulocytes_Vessels,635,ENTPD1,False
resistance_ProliferatingTumor_Granulocytes_Vessels,636,PIAS4,False
resistance_ProliferatingTumor_Granulocytes_Vessels,637,APLNR,False
resistance_ProliferatingTumor_Granulocytes_Vessels,638,HLA.DQB1,False
resistance_ProliferatingTumor_Granulocytes_Vessels,639,PIK3R3,False
resistance_ProliferatingTumor_Granulocytes_Vessels,640,TNFRSF4,False
resistance_ProliferatingTumor_Granulocytes_Vessels,641,FLNB,False
resistance_ProliferatingTumor_Granulocytes_Vessels,642,LAMA5,False
resistance_ProliferatingTumor_Granulocytes_Vessels,643,ANGPT2,False
resistance_ProliferatingTumor_Granulocytes_Vessels,644,CD81,False
