replicate,delta_C
1,-0.007673419275629145
2,-0.024301336573511523
3,0.019265502709211346
4,-0.034931912374185914
5,-0.026627218934911268
6,-0.011124845488257207
7,-0.0032133676092545027
8,0.0015160703456640334
9,-0.022816166883963485
10,-0.0018679950186799577
11,-0.022727272727272707
12,-0.04221388367729828
13,-0.03125
14,-0.044542772861356994
15,-0.05878284923928079
16,-0.049734748010610064
17,-0.04234417344173447
18,-0.01934889434889442
19,-0.00966767371601207
20,-0.01797175866495515
21,-0.019949335022165893
22,-0.025336754329698508
23,-0.05297397769516732
24,-0.03782991202346042
25,-0.021882494004796138
26,0.0
27,-0.018608907870652835
28,0.0040322580645161255
29,-0.003252513305736282
30,0.01606922126081578
31,-0.03944174757281549
32,-0.006449631449631399
33,0.012748756218905477
34,-0.008854781582054327
35,-0.0248565965583174
36,0.005507955936352449
37,-0.018815545959284474
38,-0.005040957781978661
39,-0.017701683110853184
40,-0.024174528301886822
41,-0.0021289537712896323
42,-0.04414527238572319
43,0.00863095238095235
44,-0.0693677102516882
45,-0.05306246209824139
46,-0.029248768472906472
47,-0.011118170266836036
48,-0.05330423940149631
49,-0.06685323383084574
50,-0.013702801461632164
51,-0.041810642709053214
52,0.0008715862870424251
53,-0.02832512315270941
54,-0.01433801098230636
55,0.039138349514563076
56,-0.02027429934406677
57,-0.03645200486026734
58,-0.030456852791878153
59,0.0009316770186335033
60,-0.022235948116121063
61,-0.0191502094554159
62,-0.02453195610071013
63,-0.026719901719901684
64,-0.03721682847896435
65,-0.033083645443196086
66,-0.04082876294942106
67,-0.022959183673469385
68,-0.0069356872635560896
69,-0.036245353159851335
70,-0.024702939337085672
71,0.003929273084479434
72,-0.03731815306767872
73,0.0174621653084982
74,-0.031841109709962234
75,-0.017586416009702788
76,-0.0376838235294118
77,-0.03235470341521862
78,0.021283783783783816
79,-0.004836309523809534
80,-0.04219030520646316
81,0.0003419972640218427
82,-0.041871921182266014
83,-0.01877649909145973
84,-0.005674653215636871
85,-0.007477243172951842
86,-0.03335392217418154
87,-0.018250688705234164
88,-0.032990314769975826
89,0.026331904470300094
90,-0.02051901025950509
91,-0.0026595744680850686
92,-0.02941176470588236
93,-0.050608584240871224
94,0.012820512820512775
95,-0.0421914357682619
96,0.026796973518284917
97,-0.0019788918205804196
98,-0.029581993569131937
99,-0.02088772845953002
100,-0.030322580645161357
101,-0.054987212276214836
102,-0.05353788353162181
103,0.008127633955448466
104,-0.00537294563843238
105,-0.04644808743169393
106,-0.03229737964655699
107,-0.035438144329897
108,-0.025656324582338907
109,0.007181942544459585
110,-0.051305970149253644
111,-0.0056962025316456
112,-0.011044176706827225
113,-0.019050410316529875
114,-0.008064516129032251
115,-0.027761542957334906
116,-0.023687580025608224
117,-0.013522012578616405
118,-0.016568047337278125
119,-0.024144254278728572
120,-0.03107165504121745
121,-0.032209512341962676
122,-0.022063595068137487
123,-0.05668144395186825
124,-0.035301278149726056
125,-0.019169329073482344
126,-0.012640449438202195
127,-0.09144350097975185
128,-0.023648648648648685
129,-0.0063856960408684715
130,-0.010178117048346036
131,-0.009286128845037767
132,-0.009113764927718426
133,-0.043765743073047925
134,0.009428032683846621
135,-0.04798127559976595
136,-0.03183520599250944
137,-0.028103767757875153
138,-0.02055587724377539
139,-0.028543938422065485
140,-0.01299093655589123
141,0.011027278003482244
142,-0.04915560916767181
143,-0.02479892761394098
144,-0.02768936982813497
145,0.008095854922279822
146,0.020806658130601785
147,-0.051436205744822994
148,-0.05709570957095711
149,-0.05041031652989447
150,-0.01789199739752756
151,0.010107015457788249
152,-0.023913043478260843
153,0.008600237247924025
154,-0.06003694581280783
155,-0.031026252983293534
156,-0.012804497189256692
157,-0.002512562814070418
158,-0.0366311834690044
159,-0.04941099476439792
160,-0.03175591531755917
161,-0.030397022332506185
162,-0.044303797468354444
163,-0.036345776031434185
164,-0.03525444512568976
165,-0.02610062893081766
166,-0.02185960591133007
167,0.0015160703456640334
168,0.023668639053254337
169,-0.043695014662756604
170,-0.027479469361970987
171,-0.016451233842538104
172,-0.022666666666666613
173,-0.00910194174757284
174,0.03450400492914363
175,-0.0215873015873016
176,-0.028313627878033598
177,-0.040167865707434025
178,-0.03171521035598701
179,-0.04243873281530186
180,-0.046525679758308125
181,-0.026605504587155937
182,-0.004567600487210721
183,-0.03396572827417388
184,-0.047443006777572405
185,-0.028301886792452824
186,-0.04515550239234445
187,-0.030000000000000027
188,-0.037792441511697694
189,-0.03115727002967361
190,-0.04421562689279224
191,-0.02398753894080996
192,-0.01427703523693813
193,-0.06304985337243396
194,-0.02724458204334368
195,-0.04501915708812265
196,-0.05695039804041646
197,-0.035240963855421636
198,-0.05092276144907715
199,-0.03610436893203883
200,-0.04409063074096753
201,-0.03491965389369589
202,-0.017501508750754402
203,-0.02394454946439828
204,-0.06131147540983606
205,-0.00594865372573572
206,-0.024390243902439046
207,0.0017953321364452268
208,-0.011742892459826959
209,-0.04281150159744407
210,-0.04507133592736712
211,-0.054409005628517915
212,-0.05259900990099009
213,-0.02863961813842486
214,0.02694235588972438
215,-0.03843807199511895
216,-0.03469036697247707
217,0.02222938144329889
218,0.0026656511805026595
219,0.0018552875695733162
220,-0.0338192419825073
221,-0.015097690941385356
222,0.012758201701093541
223,-0.015786278081360017
224,-0.02714932126696834
225,-0.015586797066014624
226,-0.0394495412844037
227,0.004669779853235467
228,-0.008588957055214674
229,0.008302583025830312
230,-0.05925221799746516
231,-0.02267002518891692
232,-0.011699507389162478
233,-0.015974440894568676
234,-0.014386189258312032
235,0.0009135200974421664
236,-0.029783393501805033
237,0.006731946144430845
238,-0.01793868232224405
239,-0.05884203901825047
240,-0.034125533211456394
241,-0.006965475469412508
242,-0.05666470933646506
243,0.0
244,-0.018023617153511418
245,0.0046326935804102964
246,-0.023839009287925705
247,-0.04468749999999999
248,-0.043516873889875574
249,-0.034545454545454546
250,-0.003201024327784907
251,-0.04496855345911954
252,-0.000916870415647919
253,0.001532801961986463
254,-0.030955585464333746
255,-0.01701732673267331
256,-0.04632972322503015
257,0.0009481668773704266
258,-0.06278464541314244
259,-0.05912990196078438
260,0.0009107468123862317
261,-0.02916120576671033
262,-0.008863080684596625
263,-0.01580905145691258
264,-0.00981675392670156
265,-0.027867790019442618
266,-0.0606900800985829
267,-0.017791411042944794
268,-0.008338480543545468
269,-0.012101534828807492
270,-0.062077443146896116
271,-0.01000625390869292
272,-0.03888213851761846
273,-0.011739915713425586
274,-0.02213216957605979
275,0.010752688172043001
276,-0.03779244151169758
277,-0.04156839622641506
278,-0.02432778489116516
279,0.02857142857142858
280,-0.04619565217391297
281,-0.021618282890673246
282,-0.0021263669501823124
283,-0.006020278833967052
284,-0.029059316956261183
285,-0.007985257985257954
286,-0.042848335388409375
287,-0.032124681933842214
288,-0.032358431860609826
289,-0.058132343846629575
290,-0.005438066465256797
291,-0.03315250150693194
292,-0.015151515151515138
293,-0.014536644457904258
294,-0.029661016949152574
295,-0.037966932026944344
296,0.015291607396870632
297,-0.027288732394366244
298,-0.06598818122127381
299,0.02757352941176472
300,-0.03766074709124312
301,0.011328842620943025
302,-0.013513513513513487
303,-0.02268709487330589
304,-0.020769700671960822
305,0.0005917159763313418
306,-0.036904761904761885
307,-0.033292978208232404
308,0.012607626076260758
309,-0.05319913731128689
310,-0.04888888888888887
311,-0.04617940199335546
312,-0.039987973541791955
313,-0.03775267538644467
314,-0.02759248029108552
315,-0.013666072489601833
316,-0.025182038834951515
317,-0.039664157498552344
318,-0.03008177570093451
319,-0.007672634271099765
320,-0.031894934333958735
321,0.005952380952381042
322,-0.03694874851013119
323,-0.02943078913324715
324,-0.01724137931034475
325,-0.021819299323909025
326,-0.02844774273345707
327,-0.06597222222222221
328,-0.030550514216575952
329,0.008879363135333773
330,-0.03652547575199505
331,-0.032738095238095344
332,-0.020942408376963373
333,-0.0514612452350699
334,-0.01356466876971607
335,-0.022963870177587276
336,-0.0006150061500614923
337,-0.03551912568306004
338,-0.05296469020652894
339,-0.024984948826008324
340,-0.015826873385012874
341,0.044362292051756014
342,-0.022313564298297117
343,-0.02397660818713454
344,0.0019267822736029894
345,-0.05303030303030298
346,0.005780346820809301
347,0.02602359472588478
348,-0.0428826682549136
349,-0.03898195876288657
350,-0.07266009852216748
351,-0.015469935785172195
352,-0.022411616161616132
353,-0.019841269841269882
354,-0.05275381552753822
355,-0.01250762660158633
356,-0.00688210652304011
357,-0.008092485549133
358,-0.00330727600721592
359,-0.01441383728379253
360,-0.0626949469744229
361,0.037168713639301854
362,0.027877697841726556
363,0.009085213032581474
364,0.016822429906542036
365,-0.05332880434782605
366,0.016280525986224204
367,-0.002587322121604063
368,-0.010657193605683846
369,-0.011118378024852826
370,-0.057962172056131855
371,-0.0194528875379939
372,0.029299363057324834
373,-0.005907960199004969
374,-0.01320422535211263
375,-0.04012345679012341
376,0.007817589576547324
377,0.0029940119760478723
378,-0.00030048076923072653
379,0.029855436832180948
380,-0.010467980295566504
381,0.010802469135802517
382,-0.018785222291797132
383,-0.04717566728739908
384,-0.026911314984709445
385,-0.03125
386,-0.045201238390092935
387,-0.023766546329723193
388,-0.037261146496815334
389,0.008745476477683978
390,-0.017922235722964808
391,-0.04195804195804198
392,-0.03459687123947053
393,-0.011209439528023668
394,-0.03358868591632291
395,-0.03210741389375371
396,0.009798099762470258
397,-0.021010962241169273
398,0.0
399,-0.03822249844623993
400,0.005537459283387669
401,-0.03543859649122805
402,-0.034524530587522695
403,-0.024169184290030232
404,-0.04559457794208255
405,-0.022421524663677084
406,-0.0071641791044775305
407,-0.04746070133010882
408,-0.02985074626865669
409,-0.037516600265604216
410,-0.015021459227467782
411,-0.015604249667994674
412,-0.024955436720142554
413,-0.0114840989399293
414,-0.011015911872705009
415,-0.0574345883854499
416,-0.007570770243581326
417,-0.008637236084452993
418,-0.028296207104154147
419,0.00944010416666663
420,-0.0033444816053511683
421,-0.04134212103055723
422,-0.02009318578916719
423,-0.04506172839506173
424,-0.019853390348197997
425,-0.05197368421052628
426,-0.03249414519906324
427,-0.034212178279974914
428,-0.06151515151515152
429,-0.055373525557011805
430,-0.03799098518995492
431,-0.011697660467906434
432,-0.011564625850340238
433,-0.08894702419882272
434,0.019668100799016486
435,-0.020547945205479423
436,-0.05208333333333337
437,-0.04358353510895885
438,-0.0020983213429256464
439,-0.023992890995260585
440,0.008152173913043459
441,-0.021055939660590828
442,-0.005114320096269553
443,0.015578190533253378
444,-0.03516819571865437
445,-0.011526479750778917
446,0.012673506336753126
447,-0.04179194227300065
448,0.020083932853717013
449,0.005098980203959158
450,-0.06734317343173424
451,-0.03898809523809521
452,-0.024464831804281384
453,0.030429594272076366
454,0.010690287110568075
455,0.02382388419782866
456,0.003625576796308483
457,-0.05579399141630903
458,-0.0012594458438287548
459,-0.029470198675496717
460,0.002197112366603915
461,-0.04936708860759498
462,-0.030312124849939948
463,-0.041056651814131206
464,-0.06312814070351758
465,-0.026282457251424973
466,-0.05142503097893425
467,0.018648018648018683
468,-0.010088272383354413
469,-0.007763975155279601
470,-0.05319148936170215
471,-0.012812500000000004
472,-0.06810740013097571
473,-0.04539914686166968
474,-0.01723016905071517
475,-0.04276923076923078
476,-0.031194295900178193
477,-0.009025270758122761
478,-0.03341360626128842
479,-0.009621166566446182
480,-0.05126694166175605
481,0.028012048192771033
482,-0.060505719446116824
483,0.030331457160725384
484,-0.00424242424242427
485,-0.02448377581120942
486,-0.0012383900928791824
487,0.0022479126525369875
488,-0.019026824703680667
489,-0.021117166212534122
490,-0.0037926675094817064
491,-0.01374775851763299
492,-0.018551765409934085
493,0.0021419828641370264
494,-0.04939451880178458
495,-0.04210836277974084
496,-0.027476038338658193
497,0.025016035920461865
498,-0.037130270610446825
499,-0.025412541254125398
500,-0.05531249999999999
501,-0.05456226880394571
502,-0.03886348791639449
503,0.010664229128580116
504,-0.006242568370986912
505,-0.010703363914373099
506,0.014007308160779552
507,-0.02441344324667083
508,-0.046602525556223684
509,-0.07133995037220842
510,-0.030196629213483095
511,-0.0009746588693957392
512,0.0
513,0.010370835952231316
514,-0.009547383309759572
515,-0.037939543491671834
516,-0.008474576271186418
517,-0.05867665418227208
518,0.002990033222591393
519,-0.04019196160767846
520,-0.025996533795493937
521,-0.021573604060913798
522,-0.0317361543248289
523,-0.04524284763805719
524,-0.0046242774566473965
525,0.008750754375377201
526,-0.005471124620060719
527,-0.020148791072535643
528,-0.011299435028248483
529,-0.025202240199128756
530,-0.017965895249695496
531,-0.04416212946158504
532,-0.010884353741496544
533,-0.0673734610123119
534,-0.04123711340206193
535,0.02028714107365792
536,-0.017787839586028475
537,-0.02823315118397085
538,-0.048913043478260865
539,-0.02185960591133007
540,-0.036593059936908534
541,0.007536041939711691
542,-0.008254716981132115
543,-0.02220013253810471
544,-0.03209109730848858
545,-0.035957842529448225
546,-0.019640479360852225
547,-0.00029868578255676237
548,-0.018430034129692907
549,-0.05297580117723999
550,0.013024142312579423
551,-0.03097622027534419
552,-0.024746571258199235
553,-0.03810623556581988
554,-0.023659305993690816
555,0.00030048076923083755
556,-0.012016021361815787
557,-0.03406998158379371
558,-0.029585798816568087
559,0.008888888888888835
560,-0.024822695035460973
561,-0.006455777921239525
562,-0.0027206771463119672
563,0.0012515644555695093
564,0.011852776044915747
565,-0.02396844660194175
566,-0.024163568773234112
567,-0.018944099378881973
568,-0.033950617283950546
569,-0.05156250000000007
570,-0.007116336633663289
571,-0.026315789473684292
572,-0.014814814814814836
573,-0.028672680412371143
574,-0.03178484107579471
575,-0.029705882352941138
576,-0.024954900781719802
577,-0.043491484184914886
578,-0.009501187648456089
579,-0.046242774566474076
580,-0.043269230769230727
581,-0.02819083023543989
582,-0.05577047066408769
583,-0.03694427050720106
584,0.03641370869033045
585,-0.029528865295288642
586,-0.011926605504587129
587,-0.03441429516876238
588,0.00672371638141811
589,-0.0018703241895262623
590,0.0009299442033477989
591,-0.05372945638432369
592,-0.015706806282722474
593,-0.05555555555555558
594,-0.046992481203007475
595,-0.0572784810126582
596,-0.01655629139072845
597,-0.024059222702035754
598,-0.02499999999999991
599,-0.06024096385542166
600,-0.043761638733705754
601,-0.013398294762484775
602,-0.010025873221216064
603,-0.005651595744680882
604,-0.028423772609819098
605,-0.02638112973308504
606,0.021943573667711602
607,-0.057975460122699385
608,-0.060182173064411204
609,0.0017543859649122862
610,-0.0064667842445620405
611,-0.030066145520144305
612,-0.001175088131609825
613,-0.028527607361963137
614,-0.0167297979797979
615,-0.054840686274509776
616,0.023017902813299185
617,-0.015198511166253037
618,0.00751633986928113
619,-0.046963055729492775
620,-0.03611809045226122
621,-0.012788521522146046
622,-0.04692355500310752
623,-0.029546946815495745
624,-0.02083333333333337
625,-0.06272727272727274
626,-0.00792682926829269
627,-0.05003126954346471
628,-0.04156626506024097
629,-0.00698663426488455
630,-0.04210526315789476
631,-0.024397972116603328
632,-0.034149484536082464
633,-0.0280316879951249
634,-0.06293485135989874
635,-0.02408111533586821
636,-0.0326797385620915
637,-0.049496147006520386
638,0.003597122302158251
639,-0.03383233532934127
640,-0.018915510718789386
641,-0.05015873015873018
642,-0.035037878787878785
643,-0.0005988023952095967
644,-0.006796690307328546
645,0.003207184092366866
646,-0.018122400475341638
647,-0.019127316198445876
648,-0.06857694784288482
649,-0.013392857142857095
650,-0.012876884422110546
651,-0.0067985166872682745
652,-0.003951367781155013
653,-0.02079002079002079
654,-0.0025542784163474774
655,-0.009292565947242148
656,-0.017737003058103995
657,-0.04050711193568335
658,-0.04388133498145863
659,0.00545454545454549
660,-0.023298589822194904
661,-0.019267822736030782
662,-0.03824091778202676
663,-0.05312499999999998
664,-0.0018226002430132837
665,-0.021337579617834446
666,0.0
667,-0.032107231920199486
668,0.016233766233766267
669,-0.0274135876042908
670,-0.03972422849638868
671,-0.0037974683544304
672,-0.04861982434127987
673,-0.03804673457159968
674,-0.006670709520921747
675,0.0021984924623115187
676,-0.04864048338368576
677,-0.046618516086671
678,-0.057888040712468114
679,-0.03638497652582162
680,-0.017292784734645128
681,-0.004519044544867623
682,-0.0434782608695653
683,-0.037083595223130095
684,-0.036002482929857194
685,-0.03154278575890068
686,-0.030536705737199354
687,-0.04280279010779953
688,0.0025445292620864812
689,-0.007575757575757569
690,0.006824925816023675
691,-0.009720534629404698
692,-0.05273698264352478
693,0.029392764857881115
694,-0.0033721643163703297
695,-0.007138221933809197
696,-0.03119376124775053
697,-0.03966789667896675
698,-0.04708097928436916
699,-0.04345165238678095
700,-0.061158100195185416
701,-0.0038782816229117056
702,-0.026613439787092408
703,0.0006042296072508169
704,-0.017888563049853423
705,0.018034825870646753
706,-0.05277280858676203
707,-0.03497332542975695
708,-0.016170763260025867
709,-0.016727493917275016
710,-0.05816326530612248
711,-0.046040515653775316
712,0.014640356460852932
713,-0.04450583179864942
714,-0.03746928746928746
715,-0.06403186274509798
716,-0.03982843137254899
717,-0.05558876270173341
718,-0.005408653846153855
719,-0.05319148936170204
720,-0.008687837028160561
721,0.003674219228414044
722,-0.04041051956382291
723,-0.03230676328502413
724,-0.018075980392156854
725,-0.028520499108734332
726,0.009506833036244777
727,-0.0023612750885478873
728,0.02263374485596714
729,-0.036615384615384605
730,0.00897129186602863
731,-0.023295070898041836
732,-0.024746571258199124
733,-0.04531630170316303
734,-0.020517676767676796
735,-0.01148036253776441
736,-0.01927860696517414
737,0.014010507880910739
738,-0.018437499999999996
739,-0.012865497076023469
740,-0.026315789473684292
741,-0.0355345911949686
742,0.014465408805031443
743,-0.05649188514357051
744,-0.03629274145170969
745,-0.014381884944920431
746,-0.019501278772378505
747,-0.02516281823564237
748,-0.03029356652092441
749,-0.03213844252163156
750,-0.09206349206349207
751,-0.0431192660550459
752,-0.0017513134851138146
753,-0.04826732673267331
754,-0.039465875370919834
755,-0.019826517967781898
756,-0.022330774598743885
757,-0.004491017964071808
758,-0.009663341645885226
759,-0.04863813229571978
760,-0.014527845036319653
761,-0.0019317450096587585
762,-0.05258570598489254
763,-0.016911295469049126
764,-0.03502188868042533
765,-0.025834908632640152
766,-0.005025125628140725
767,0.0016371971185330514
768,-0.024868344060854253
769,-0.03930412371134018
770,-0.021857923497267673
771,-0.041986989946777076
772,-0.013613861386138515
773,-0.015503875968992165
774,-0.04340511440107664
775,-0.04650436953807735
776,0.012048192771084376
777,-0.02944711538461542
778,-0.011701454775458475
779,-0.020919269298762533
780,-0.01900584795321636
781,0.021739130434782594
782,-0.03686087990487519
783,-0.019266055045871644
784,-0.04899235580264072
785,-0.03356336260978665
786,0.01764705882352946
787,-0.002350176263219761
788,-0.03824626865671643
789,-0.061409179056237884
790,-0.032776747062461364
791,-0.0029850746268657025
792,-0.03213844252163167
793,-0.02263906856403619
794,-0.0374280230326296
795,-0.030379746835442978
796,-0.02082057562767914
797,-0.02946708463949843
798,-0.03614823815309842
799,-0.041383570105003153
800,-0.016656384947563274
801,-0.04134212103055723
802,0.005243676742751391
803,-0.018111254851228997
804,-0.013661202185792365
805,-0.027059530968129852
806,-0.026508226691042025
807,-0.035305343511450316
808,-0.006172839506172756
809,-0.017538054268696146
810,0.009312780989081615
811,-0.002109704641350185
812,-0.04158907510862819
813,-0.02522255192878342
814,-0.06006389776357823
815,-0.00423728813559332
816,-0.07552581261950286
817,0.012217470983506451
818,-0.008664955070603275
819,-0.041792852816474824
820,-0.019193233571893287
821,-0.03063063063063065
822,-0.006344410876132911
823,-0.00284450063211128
824,-0.05008944543828264
825,-0.006302521008403339
826,-0.009910485933503854
827,-0.01098574821852727
828,-0.007673419275629256
829,-0.03177570093457949
830,0.0012269938650306678
831,0.009382566585956376
832,-0.01480362537764357
833,-0.047361729179910994
834,-0.01604782882315925
835,-0.00916310323762981
836,-0.03822249844623993
837,-0.01715854495538771
838,-0.0064683053040103244
839,-0.01115241635687736
840,-0.023099415204678286
841,-0.041569086651053855
842,-0.021873074553296346
843,-0.014268727705113005
844,-0.015448603683897888
845,-0.005157766990291246
846,0.004080351537978699
847,-0.01586807716241445
848,-0.026908635794743452
849,-0.028128950695322397
850,-0.04126506024096388
851,-0.02295766249254616
852,-0.0241486068111455
853,-0.02656716417910443
854,-0.01584399756246191
855,-0.019462137296532234
856,-0.07232893157262898
857,-0.015550239234449759
858,-0.020000000000000018
859,-0.03392330383480824
860,-0.02460510328068044
861,-0.08002481389578164
862,-0.045047732696897325
863,-0.008720930232558155
864,-0.001522533495736833
865,-0.0030487804878048808
866,-0.014591439688715901
867,-0.031862745098039214
868,-0.009803921568627527
869,-0.019645120405576644
870,-0.03168130489335008
871,-0.023853211009174258
872,-0.05009696186166768
873,-0.005135951661631388
874,-0.02905491698595153
875,-0.008873929008567982
876,0.0038387715930902067
877,-0.027310924369747913
878,-0.013452914798206206
879,0.007107540173053151
880,-0.014929742388758771
881,-0.0526481715006305
882,-0.016080097087378675
883,-0.03131179960448249
884,-0.0046963055729492
885,-0.0023654642223536193
886,-0.028073286052009427
887,-0.03549190535491897
888,-0.03071253071253066
889,-0.024908869987849358
890,-0.021957340025094085
891,0.00848484848484854
892,-0.027992852888624187
893,0.01274623406720743
894,0.013182674199623268
895,-0.0055248618784530246
896,-0.011620795107033732
897,0.006510416666666741
898,-0.015033072760072153
899,-0.041246851385390415
900,0.02097264437689972
901,-0.03141993957703937
902,-0.00497512437810943
903,-0.02016857314870557
904,0.03247162673392179
905,-0.006108735491753281
906,-0.036085626911315005
907,0.0071727435744172174
908,-0.022229822161422774
909,-0.07017543859649122
910,-0.021049420378279504
911,-0.033933933933933846
912,-0.029392971246006372
913,0.04006309148264975
914,-0.007405213270142097
915,-0.032258064516129004
916,-0.054642857142857104
917,-0.010580411124546552
918,-0.02197149643705465
919,-0.014911746804625703
920,-0.008825319537431597
921,0.003541532517707613
922,-0.026639344262295084
923,-0.030097087378640808
924,0.01987951807228905
925,-0.010578718108276375
926,-0.010243277848911658
927,-0.019255455712451797
928,-0.05316455696202527
929,-0.004887866589994294
930,-0.019476567255021338
931,0.025578562728380105
932,-0.0334793491864831
933,-0.03566878980891719
934,-0.01570835803200954
935,-0.017004773269689744
936,-0.03199268738574035
937,0.0009101941747572395
938,-0.048467792370231355
939,-0.023980815347721784
940,-0.032480314960629975
941,-0.03345174659561878
942,0.004739336492890933
943,-0.021393643031784815
944,-0.016081871345029253
945,-0.011391625615763568
946,-0.03020527859237543
947,-0.02177858439201452
948,0.004589963280293818
949,-0.03558168316831678
950,-0.012446873102610834
951,-0.02865239294710331
952,-0.0077844311377245345
953,-0.03525046382189234
954,-0.04605659241420834
955,-0.007960808328230207
956,-0.0428203477141017
957,-0.03448275862068961
958,-0.005331753554502328
959,-0.0440647482014388
960,-0.015806451612903283
961,-0.025494901019796012
962,-0.030228254164096247
963,-0.006883604505632079
964,-0.012319711538461564
965,-0.026347305389221587
966,-0.00941028858218318
967,-0.0661712668082095
968,-0.019841269841269882
969,-0.006984866123399325
970,-0.019242333132892364
971,-0.009038089089735246
972,-0.014320536258379035
973,0.007876496534341526
974,-0.04893065456902135
975,-0.026662484316185675
976,-0.03023407022106639
977,-0.00454545454545463
978,-0.028130671506352067
979,-0.05581807442409925
980,-0.0039346246973365195
981,-0.033045089561457686
982,-0.02015604681404415
983,-0.026562499999999933
984,-0.041201982651796754
985,-0.012302284710017486
986,0.009140767824497242
987,-0.003376304481276793
988,-0.020983213429256575
989,0.008593252705283327
990,-0.028792569659442768
991,0.02897135416666663
992,-0.009887936717205004
993,-0.030368098159509138
994,-0.03832335329341319
995,-0.014751075599262475
996,-0.012559808612440104
997,-0.02344251766217076
998,-0.016129032258064502
999,-0.009910485933503854
1000,-0.040874524714829
1001,-0.015389447236180853
1002,-0.046936114732724854
1003,-0.005424377791959145
1004,-0.017998779743746196
1005,-0.02310231023102305
1006,-0.015625
1007,-0.0056890012642224486
1008,0.011620603015075393
1009,-0.011860174781523125
1010,0.004518072289156572
1011,-0.015671200473092783
1012,-0.041201982651796754
1013,-0.02892561983471076
1014,0.016108247422680355
1015,-0.028228228228228236
1016,-0.04073627036813521
1017,-0.019601930036188153
1018,0.006308100929614868
1019,-0.03689320388349515
1020,-0.03724394785847307
1021,-0.004604051565377465
1022,-0.02422907488986792
1023,-0.009786476868327343
1024,-0.02840909090909094
1025,-0.0003045066991473888
1026,-0.009891512444160866
1027,0.0423728813559322
1028,-0.026608910891089188
1029,-0.020408163265306145
1030,-0.029868578255675016
1031,-0.04842767295597483
1032,-0.009663341645885337
1033,-0.033232628398791486
1034,0.016741790083708907
1035,-0.016311166875784155
1036,-0.01971326164874554
1037,-0.01236858379715522
1038,-0.013157894736842146
1039,-0.013521819299323945
1040,-0.024067388688327362
1041,-0.018235294117647127
1042,0.006896551724137834
1043,-0.007807417046193921
1044,-0.027939464493597188
1045,-0.01604116222760288
1046,-0.021964612568639463
1047,0.009858287122612497
1048,-0.03856382978723405
1049,-0.04006309148264986
1050,0.006709265175718904
1051,0.0068533969010727835
1052,-0.03239104829210837
1053,-0.03843730308758664
1054,0.003944174757281482
1055,-0.013440860215053752
1056,-0.03710353081986828
1057,-0.032346868547832086
1058,-0.05218956208758241
1059,-0.02235213204951858
1060,-0.009915865384615419
1061,-0.01189024390243909
1062,-0.008693045563549107
1063,-0.03534704370179942
1064,-0.012758201701093541
1065,-0.004232164449818665
1066,-0.017230955259975755
1067,-0.04438964241676935
1068,-0.019379844961240233
1069,-0.021739130434782594
1070,-0.04619565217391308
1071,-0.04021608643457386
1072,-0.012385919165580184
1073,-0.025883838383838342
1074,-0.031003039513677888
1075,-0.02792956891317544
1076,-0.049348230912476754
1077,-0.05447941888619856
1078,-0.017065868263473005
1079,-0.005389980976537756
1080,-0.03195488721804518
1081,-0.03703703703703698
1082,-0.020794537554314152
1083,-0.03208556149732622
1084,-0.017473118279569877
1085,-0.0228739002932552
1086,-0.03734061930783239
1087,-0.014775413711583973
1088,-0.0349588719153936
1089,-0.026025719534598868
1090,-0.04371217215870882
1091,-0.037081339712918604
1092,-0.015491100856954487
1093,-0.02486678507992901
1094,0.004305043050430557
1095,-0.04667480170835869
1096,-0.0012787723785165905
1097,-0.00898587933247752
1098,-0.045454545454545525
1099,-0.026715039577836386
1100,-0.017622461170848314
1101,0.016871165644171793
1102,-0.00821167883211682
1103,-0.00484848484848488
1104,-0.007334963325183463
1105,-0.014594279042615343
1106,0.007250755287009025
1107,-0.004984423676012373
1108,-0.013601036269429989
1109,-0.07024029574861368
1110,-0.02377850162866446
1111,-0.04671717171717171
1112,-0.02310231023102305
1113,-0.03347665847665848
1114,-0.03272845106934541
1115,0.0012870012870013214
1116,-0.043580683156654865
1117,-0.04224924012158049
1118,-0.03730846102598262
1119,-0.007619047619047636
1120,-0.027918781725888353
1121,0.014615907545887152
1122,-0.05559125964010281
1123,-0.038163387000596294
1124,-0.04156976744186047
1125,-0.07029765674477523
1126,0.0030469226081657474
1127,0.013075965130759704
1128,-0.01533333333333331
1129,-0.0027239709443098725
1130,0.020389531345100464
1131,-0.016129032258064502
1132,-0.07678821879382891
1133,-0.001908396946564861
1134,-0.024834437086092787
1135,-0.03700305810397553
1136,-0.027043269230769273
1137,-0.006752789195537234
1138,-0.0009096422073984201
1139,0.006886227544910195
1140,-0.054668304668304635
1141,-0.01944943147815681
1142,-0.03111387678904798
1143,-0.03799489144316737
1144,-0.04272445820433435
1145,-0.020676691729323293
1146,-0.029956763434218714
1147,-0.020695860827834367
1148,-0.001779359430605032
1149,-0.03735823882588396
1150,-0.03716427232979391
1151,0.0003039513677811634
1152,-0.01436031331592691
1153,-0.004531722054380682
1154,-0.029357798165137616
1155,0.010139416983523386
1156,0.006009615384615419
1157,-0.01440460947503197
1158,-0.08808777429467085
1159,-0.03767123287671237
1160,-0.03105196451204062
1161,-0.002071005917159696
1162,-0.025166767738023066
1163,-0.04255952380952388
1164,-0.009506833036244777
1165,-0.022492401215805424
1166,-0.029306220095693836
1167,-0.037272727272727346
1168,-0.03675048355899413
1169,0.019255874673629214
1170,-0.0037105751391465214
1171,-0.03910950661853185
1172,-0.013845185651353065
1173,0.022264631043257044
1174,-0.027461486939048818
1175,-0.03236744759556098
1176,-0.011977886977887042
1177,-0.04674306393244876
1178,-0.041564792176039145
1179,-0.030240751614797445
1180,0.005333333333333412
1181,0.0027881040892192566
1182,-0.0364019253910951
1183,0.004996876951905094
1184,-0.04130702836004929
1185,-0.026878238341968896
1186,-0.03535353535353536
1187,0.008292383292383354
1188,-0.029299363057324834
1189,-0.028342575477510734
1190,0.02688524590163932
1191,-0.022933011466505726
1192,-0.030502392344497586
1193,-0.017014925373134315
1194,-0.06828193832599116
1195,-0.05748233782915868
1196,-0.04341926729986423
1197,-0.027660853878532676
1198,-0.003337378640776767
1199,-0.047321428571428514
1200,-0.0729101194217473
1201,-0.0030826140567201676
1202,-0.007050528789659172
1203,-0.023824855119124355
1204,-0.05034832172260928
1205,-0.009064327485380108
1206,-0.016270337922402955
1207,-0.0062611806797853164
1208,0.019685039370078816
1209,-0.03850855745721271
1210,-0.0273972602739726
1211,-0.03824091778202676
1212,-0.04124629080118691
1213,-0.013609467455621305
1214,0.0054662379421221985
1215,-0.03725606150206984
1216,-0.025234741784037507
1217,0.02501563477173241
1218,-0.032533164876816234
1219,-0.05140485312899101
1220,0.005328596802841923
1221,-0.04360280076384471
1222,-0.047534165181224
1223,-0.023186682520808466
1224,0.02806589383770597
1225,-0.02752571082879618
1226,-0.013806706114398382
1227,-0.03391412570006225
1228,-0.017823042647994947
1229,-0.012210012210012167
1230,-0.05806845965770169
1231,-0.012440758293838838
1232,-0.039116719242902276
1233,-0.02238805970149249
1234,-0.012673506336753126
1235,-0.006453595574677284
1236,-0.05604534005037787
1237,0.028385570668243654
1238,-0.04911242603550292
1239,-0.029613466334164618
1240,0.009237187127532742
1241,-0.042029887920298936
1242,-0.02663284717818648
1243,0.02308214528173791
1244,-0.018622628250175688
1245,0.014545454545454528
1246,0.00954433497536955
1247,-0.045666666666666744
1248,-0.05389768574908649
1249,-0.0431145431145431
1250,-0.04963898916967502
1251,-0.002647253474520217
1252,-0.029932803909590744
1253,-0.009861932938856066
1254,-0.03560076287349012
1255,-0.020148791072535643
1256,-0.0037878787878787845
1257,-0.048277982779827866
1258,-0.02946708463949843
1259,-0.040000000000000036
1260,-0.03800623052959495
1261,0.013392857142857206
1262,-0.0314009661835748
1263,-0.0379821958456974
1264,-0.03074027603513174
1265,-0.01572700296735907
1266,-0.05300581771169999
1267,-0.043572311495673643
1268,-0.005184705119896327
1269,-0.06043632075471694
1270,-0.04266421117249841
1271,-0.012099213551119203
1272,-0.03864168618266983
1273,-0.05989272943980928
1274,-0.036898061288305195
1275,-0.01846057571964954
1276,-0.028301886792452824
1277,-0.002846299810246755
1278,-0.010474430067775709
1279,-0.006473489519112197
1280,-0.02596153846153848
1281,-0.013788968824940073
1282,-0.021093285799168138
1283,-0.03314917127071826
1284,-0.026960784313725505
1285,-0.04862842892768071
1286,-0.008327781479013918
1287,-0.039322250639386214
1288,-0.00965018094089265
1289,0.0009345794392523477
1290,-0.023942786069651834
1291,-0.010709914320685465
1292,-0.03643461288223815
1293,-0.04756097560975614
1294,-0.039833531510107045
1295,-0.015230071289695446
1296,-0.0011695906432748204
1297,0.024280575539568416
1298,-0.0009410288582183401
1299,-0.02908667830133793
1300,-0.006180105944673331
1301,-0.0389776357827476
1302,-0.004073319755600768
1303,-0.03343848580441633
1304,-0.027468933943754048
1305,-0.029627367135003135
1306,-0.012574850299401197
1307,-0.05055147058823539
1308,-0.03519340519974634
1309,-0.013880126182965302
1310,-0.014770584538026377
1311,-0.011588275391956393
1312,-0.039512774806892415
1313,-0.017262265293761403
1314,-0.046746683512318477
1315,-0.0008849557522123686
1316,-0.006375227686703067
1317,-0.029299363057324834
1318,-0.045201238390092935
1319,-0.02957486136783727
1320,-0.026249209361163817
1321,-0.02118380062305303
1322,0.006598680263947165
1323,-0.008794788273615683
1324,-0.01278240190249702
1325,-0.01927939317319849
1326,-0.03543776057176895
1327,-0.028486646884272937
1328,-0.002138057422113704
1329,-0.03377947737412357
1330,-0.05141065830721003
1331,-0.04086538461538458
1332,-0.02379461490294299
1333,-0.04304635761589404
1334,-0.038049940546967975
1335,-0.004413619167717542
1336,-0.0030048076923077094
1337,-0.015548780487804836
1338,-0.05854241338112309
1339,0.0018832391713746732
1340,-0.0675853018372703
1341,-0.015954244431065634
1342,-0.022713506965475472
1343,-0.030166880616174563
1344,-0.0233265720081135
1345,-0.030612244897959107
1346,-0.00987654320987652
1347,-0.022794552989934824
1348,0.020408163265306145
1349,-0.027726432532347522
1350,-0.02764842840512216
1351,-0.013299556681444002
1352,-0.00125234815278652
1353,-0.0031133250311332628
1354,-0.03993710691823904
1355,0.02143314139475372
1356,0.0021021021021020436
1357,-0.005722891566265043
1358,-0.030479896238651105
1359,-0.035691724573594374
1360,-0.02035780382479946
1361,0.05214917825537291
1362,-0.04869358669833723
1363,-0.013939393939393918
1364,-0.027159685863874294
1365,0.003076923076923088
1366,-0.010384850335980467
1367,-0.012241054613935987
1368,-0.02231604342581428
1369,-0.00786924939467315
1370,-0.009017412935323321
1371,-0.0052211302211302435
1372,-0.042822677925210995
1373,-0.02155172413793105
1374,-0.017076093469143183
1375,0.0227963525835867
1376,-0.04269392663860494
1377,-0.002564102564102555
1378,-0.017220543806646504
1379,-0.028186274509803932
1380,-0.008871989860583018
1381,-0.01309523809523816
1382,-0.005624629958555394
1383,-0.005131494547787052
1384,-0.03443957420162802
1385,0.0025188916876575096
1386,0.0005885815185403542
1387,-0.004383007417397167
1388,-0.030240549828178698
1389,0.011218920557913958
1390,-0.02127022168963455
1391,-0.010051880674448843
1392,-0.01939924906132673
1393,-0.02001194743130219
1394,-0.04147312541473125
1395,-0.01829673985362612
1396,-0.021967821782178265
1397,0.0022222222222222365
1398,-0.04631441617742993
1399,-0.031921424186617586
1400,-0.008917954815695572
1401,-0.038651824366110143
1402,-0.03242924528301894
1403,-0.03429073856975384
1404,0.012468030690537035
1405,0.008181818181818179
1406,0.000956632653061229
1407,-0.016119221411192153
1408,-0.02887055837563446
1409,-0.05976941747572817
1410,-0.017643352236925036
1411,-0.04153653966271087
1412,-0.03734439834024894
1413,-0.028875379939209744
1414,-0.01564344746162938
1415,-0.009225092250922495
1416,-0.00786163522012584
1417,-0.02422480620155032
1418,-0.03579952267303099
1419,-0.056316116988176734
1420,-0.05305867665418229
1421,-0.06269691241335851
1422,-0.025682704811443413
1423,-0.023650697392359032
1424,0.004641089108910923
1425,0.010379596678529057
1426,-0.0068195908245505255
1427,-0.06840490797546017
1428,-0.0139519792342635
1429,0.015324519230769273
1430,-0.023232984293193648
1431,-0.023823704586063088
1432,-0.047886393659181015
1433,-0.0325126262626263
1434,-0.06013033175355448
1435,-0.032693461307738425
1436,-0.0009578544061302763
1437,-0.020000000000000018
1438,-0.019298245614035148
1439,-0.006066411238825009
1440,-0.012187871581450627
1441,-0.03392517438173748
1442,-0.008519003931848013
1443,-0.03331156107119526
1444,-0.016558249556475446
1445,-0.038984051978736
1446,-0.02251461988304093
1447,-0.028128950695322286
1448,-0.022754491017964007
1449,-0.011410788381742698
1450,-0.03269841269841267
1451,-0.021804966686856497
1452,-0.023605150214592308
1453,-0.0490018148820327
1454,-0.03636919315403431
1455,-0.024050632911392422
1456,-0.005291005291005346
1457,0.008499413833528702
1458,-0.0920893719806763
1459,-0.023373983739837345
1460,-0.028980446927374337
1461,-0.012635379061371799
1462,-0.027093596059113323
1463,-0.04161372299872934
1464,-0.07186921653300427
1465,-0.035019455252918275
1466,-0.05446836268754085
1467,0.0036887994634472454
1468,-0.00935425467712725
1469,-0.03296364756623538
1470,0.0018115942028985588
1471,-0.0240818783865141
1472,-0.0009481668773704266
1473,-0.02810077519379839
1474,-0.042732558139534804
1475,-0.0039346246973365195
1476,-0.025648762824381444
1477,0.028545673076923128
1478,-0.018092105263157965
1479,-0.02722323049001818
1480,-0.0009652509652509078
1481,-0.0465484483850539
1482,-0.024183796856106388
1483,-0.04248768472906406
1484,-0.055443548387096864
1485,0.013229104028863459
1486,-0.04250764525993889
1487,0.008084577114427782
1488,0.0035842293906810374
1489,-0.01388888888888884
1490,-0.022659511031604018
1491,-0.028348909657320842
1492,-0.051650366748166254
1493,-0.023668639053254448
1494,-0.04011370814908399
1495,-0.0031249999999999334
1496,-0.06646423751686914
1497,-0.025413349663196638
1498,-0.022808056872037907
1499,-0.07777777777777772
1500,-0.04647630619684079
1501,-0.04655990510083041
1502,0.007169576059850358
1503,-0.02287203242617253
1504,-0.05428186109238031
1505,-0.0014475969889983231
1506,-0.03558504221954162
1507,-0.03451742627345844
1508,-0.021398432790837862
1509,-0.027051671732522875
1510,-0.02577319587628868
1511,-0.018003790271636122
1512,-0.03641370869033045
1513,0.006418918918918881
1514,-0.04042847270214234
1515,-0.029754601226993804
1516,-0.01610017889087656
1517,-0.006365372374283806
1518,0.006332931242460704
1519,-0.04490291262135926
1520,-0.04124926340601065
1521,0.03147077713551705
1522,-0.018438844499078066
1523,-0.04018987341772151
1524,-0.045098039215686225
1525,-0.04899573950091296
1526,-0.038053097345132736
1527,-0.012027491408934665
1528,0.0027641277641277107
1529,0.002220812182741172
1530,-0.05811623246492992
1531,0.004054897067997554
1532,-0.0626979100696643
1533,-0.02784577723378212
1534,-0.09245411284840244
1535,-0.021485573971761873
1536,-0.025657071339173942
1537,-0.0792383292383293
1538,-0.020241691842900256
1539,-0.011321909424724663
1540,-0.039198084979054526
1541,-0.0006195786864932051
1542,0.013769889840881233
1543,-0.045031055900621064
1544,-0.03075459733671526
1545,-0.043129089827483647
1546,-0.07902644230769224
1547,-0.008459214501510548
1548,-0.0311111111111112
1549,0.01703841387856253
1550,-0.025155279503105588
1551,-0.015115589804386542
1552,0.024898668210770136
1553,-0.01646706586826352
1554,-0.0393026004728132
1555,-0.019937694704049824
1556,-0.026791089704996995
1557,-0.011342155009451793
1558,-0.0207045735475897
1559,0.005157766990291357
1560,-0.03720238095238093
1561,-0.01205173427395656
1562,-0.020426829268292757
1563,0.0
1564,-0.00702165008777067
1565,-0.08333333333333337
1566,0.022318660880347174
1567,-0.020531400966183555
1568,-0.014102564102564163
1569,-0.03808653260207184
1570,-0.029257067718606256
1571,-0.019003115264797477
1572,-0.00793147208121836
1573,-0.013581806696146503
1574,-0.0012779552715654896
1575,-0.004402515723270439
1576,-0.04327808471454886
1577,-0.008438818565400852
1578,0.0018587360594795044
1579,-0.08312421580928486
1580,-0.0025789813023855412
1581,0.006862133499688117
1582,-0.003674219228413933
1583,0.014882837238758717
1584,-0.025710419485791558
1585,-0.04720052083333337
1586,-0.008397932816537446
1587,0.0023121387283236983
1588,-0.009894867037724242
1589,0.018714909544603864
1590,-0.03095975232198145
1591,-0.032098765432098775
1592,-0.003759398496240629
1593,-0.03486961795027288
1594,-0.062223626026531864
1595,-0.026234567901234573
1596,-0.010329244673983218
1597,-0.010664229128580116
1598,-0.022352941176470575
1599,0.0031347962382445305
1600,0.028366583541147072
1601,-0.027607361963190247
1602,-0.007516339869281019
1603,-0.011858974358974317
1604,-0.01873536299765799
1605,0.0
1606,-0.05029201817001949
1607,-0.03314028314028317
1608,-0.010210396039603942
1609,-0.02511566424322531
1610,-0.025796178343949094
1611,-0.004621072088724532
1612,-0.04810583283223091
1613,-0.020974706971005563
1614,-0.027462121212121215
1615,-0.03756872327428229
1616,-0.029036375239310797
1617,-0.07576726342710993
1618,-0.036178107606679055
1619,0.011670761670761642
1620,-0.0681528662420382
1621,-0.005233990147783252
1622,-0.031936127744511045
1623,-0.048139397519196714
1624,-0.04007177033492826
1625,-0.07449417535254449
1626,-0.03442830069488312
1627,-0.012099213551119203
1628,-0.03323529411764703
1629,-0.03443526170798894
1630,-0.047958522359040856
1631,-0.0270440251572327
1632,0.00030864197530866555
1633,-0.023489932885906062
1634,-0.006027918781725816
1635,0.022959183673469385
1636,0.00638297872340432
1637,-0.020049352251696462
1638,0.0014518002322880807
1639,-0.026159334126040434
1640,-0.016954193932183226
1641,-0.01751690227412417
1642,-0.03562005277044855
1643,0.004067584480600739
1644,0.010902483343428249
1645,-0.0027405602923263883
1646,-0.012446873102610723
1647,-0.038604076590487924
1648,-0.026963657678780728
1649,-0.021322620519159452
1650,-0.04301745635910226
1651,-0.022884012539184928
1652,-0.003831417624520994
1653,-0.04954128440366978
1654,-0.023317788141239193
1655,-0.01906354515050157
1656,-0.020885286783042356
1657,-0.01497695852534564
1658,-0.03314571607254524
1659,0.0194029850746269
1660,-0.06583172768143875
1661,-0.013319672131147486
1662,-0.0015124016938898865
1663,-0.01224739742804648
1664,-0.03205128205128205
1665,-0.033138401559454245
1666,-0.013707165109034247
1667,-0.03224834237492469
1668,-0.025500910746812377
1669,-0.00272892662219526
1670,-0.015142150803461152
1671,-0.008103241296518515
1672,-0.004854368932038833
1673,-0.06563245823389019
1674,-0.004794520547945269
1675,-0.04889178617992174
1676,-0.009915865384615419
1677,-0.021779713752333563
1678,0.005998800239952029
1679,-0.037230568256041874
1680,-0.02258663366336633
1681,-0.03185781354795447
1682,-0.048845470692717496
1683,-0.04477124183006542
1684,-0.06497341996455991
1685,0.001971090670170761
1686,-0.028935905413814522
1687,-0.06715467854869506
1688,-0.021518230723251652
1689,0.01760797342192688
1690,-0.02762084118016317
1691,-0.056852184320766
1692,-0.0069993913572733435
1693,-0.05776283618581901
1694,-0.006359781950333154
1695,-0.013479623824451448
1696,-0.02264030612244894
1697,-0.0046326935804102964
1698,-0.03063241106719361
1699,-0.020857814336075253
1700,-0.007312614259597838
1701,-0.005917159763313584
1702,0.010749185667752514
1703,-0.027479091995221028
1704,-0.01802361715351153
1705,-0.06079027355623101
1706,0.010855263157894757
1707,-0.02615754660252556
1708,-0.01601758793969843
1709,0.00867052023121384
1710,-0.040791100123609425
1711,-0.027117611212675197
1712,-0.013046116504854322
1713,-0.025428921568627527
1714,-0.04781771501925547
1715,-0.0266828380836871
1716,-0.0300703774792066
1717,0.00487210718635811
1718,0.005897771952817932
1719,-0.01107784431137726
1720,-0.018061408789885602
1721,0.004944375772558796
1722,-0.009270704573547617
1723,-0.028700906344410804
1724,-0.029034229828850844
1725,-0.002371072910491989
1726,-0.041447368421052566
1727,-0.06374269005847955
1728,-0.03694267515923566
1729,-0.02530044275774823
1730,-0.013694638694638717
1731,-0.02834740651387213
1732,-0.015389652914210905
1733,-0.05295250320924261
1734,0.005461165048543659
1735,0.018004722550177044
1736,-0.016655780535597686
1737,-0.0017730496453901567
1738,-0.04533060668029998
1739,-0.02135231316725983
1740,0.001521606816798582
1741,-0.023452157598499057
1742,-0.005069708491761693
1743,-0.02911068458093402
1744,-0.026650514839491213
1745,-0.009165613147913976
1746,-0.027452190006169053
1747,0.0024630541871921707
1748,-0.03478810879190386
1749,-0.03679945982444299
1750,-0.008125000000000049
1751,-0.012040939193256994
1752,-0.02723097112860895
1753,-0.018395657418576628
1754,0.006833036244801027
1755,-0.02946537059538279
1756,-0.017306482064191386
1757,-0.012365250475586564
1758,-0.04386484884410202
1759,-0.012187500000000018
1760,-0.08169533169533172
1761,0.010000000000000009
1762,-0.003146633102580232
1763,-0.033398184176394285
1764,-0.021210230817217623
1765,-0.019117647058823573
1766,-0.008588957055214785
1767,-0.061881188118811936
1768,-0.05843750000000003
1769,-0.039727988546886195
1770,-0.0187461585740627
1771,-0.007716049382715973
1772,-0.014614427860696444
1773,-0.0052211302211302435
1774,-0.04099935938500965
1775,-0.0009894459102902653
1776,-0.016424510423246996
1777,0.0015470297029702706
1778,-0.03454773869346739
1779,-0.05280528052805289
1780,-0.029525032092426184
1781,-0.006781750924784169
1782,-0.011731135066582077
1783,-0.04659161976235149
1784,-0.03683574879227047
1785,0.004743833017077703
1786,-0.04921928038017653
1787,-0.04990019960079839
1788,-0.03548387096774197
1789,-0.02232415902140672
1790,-0.02179570592062463
1791,-0.009206349206349218
1792,-0.014757969303423879
1793,-0.0312699425654116
1794,-0.028257978723404187
1795,0.02028332260141663
1796,-0.025298465036952766
1797,-0.004427577482606027
1798,-0.00403977625854568
1799,-0.04509202453987726
1800,-0.00935425467712725
1801,0.0009129640900791269
1802,-0.04222766217870266
1803,-0.05783132530120483
1804,-0.013497652582159625
1805,-0.036019536019536
1806,-0.016801853997682525
1807,-0.005871446229913424
1808,0.0036900369003689537
1809,-0.04583582983822654
1810,-0.023399014778325178
1811,-0.03305785123966942
1812,-0.007756948933419494
1813,-0.0035756853396901045
1814,-0.0470941883767535
1815,-0.036555891238670646
1816,-0.023316062176165886
1817,-0.04044548651817115
1818,-0.01743817374762202
1819,-0.043352601156069315
1820,-0.019831730769230727
1821,-0.01186131386861311
1822,0.004581551618814905
1823,-0.009915865384615419
1824,-0.015644555694618312
1825,-0.01851851851851849
1826,-0.028552887735236898
1827,-0.03141514973576043
1828,-0.024367674275138862
1829,-0.038610038610038644
1830,-0.023213194868662135
1831,-0.006270627062706202
1832,-0.0019685039370078705
1833,-0.04655737704918028
1834,0.013174019607843146
1835,0.013243084167157138
1836,-0.028117359413202925
1837,-0.06446440025657474
1838,-0.029503105590062195
1839,-0.0010238907849829948
1840,-0.019796040791841607
1841,-0.009570765661252922
1842,-0.06314511232544018
1843,-0.0273026315789473
1844,-0.0653374233128835
1845,-0.007575757575757569
1846,-0.04370737755734655
1847,-0.03316800991940483
1848,-0.011124473842453408
1849,-0.008230452674897082
1850,-0.0124282982791587
1851,-0.05136757838559036
1852,-0.009306803594351654
1853,-0.01507983441750449
1854,-0.021290322580645227
1855,-0.01773049645390079
1856,-0.06995884773662553
1857,0.012574454003970836
1858,-0.010312707917498387
1859,-0.010588235294117676
1860,-0.0070796460176991705
1861,-0.02138554216867472
1862,-0.02630023640661938
1863,0.0062539086929330745
1864,0.007580543272267759
1865,-0.020153550863723613
1866,-0.0136446331109763
1867,-0.03582270795385556
1868,-0.03405122235157165
1869,-0.03234582829504229
1870,-0.036991368680641235
1871,0.005379557680812885
1872,-0.018151815181518205
1873,-0.028271918678526076
1874,-0.019526627218934944
1875,0.013778322106552388
1876,-0.05378973105134477
1877,-0.03737191078963231
1878,-0.04537093807480075
1879,-0.01942355889724312
1880,-0.05421293272371008
1881,0.012271869100062949
1882,-0.02176781002638528
1883,-0.02258469259723972
1884,-0.03057678943710912
1885,-0.012379227053140096
1886,0.0069356872635560896
1887,-0.030434782608695587
1888,-0.055588235294117605
1889,-0.03113663845223702
1890,0.019476372924648766
1891,-0.044771446462116504
1892,0.024604569420035083
1893,-0.0474934036939314
1894,-0.014715719063545185
1895,-0.027531645569620178
1896,-0.022932816537467704
1897,-0.028355387523629427
1898,-0.022383146807109955
1899,-0.01567209162145866
1900,-0.019193233571893287
1901,-0.023081924577373236
1902,-0.025519848771266562
1903,-0.04744525547445255
1904,-0.014990006662225275
1905,-0.008849557522123908
1906,-0.029956763434218603
1907,-0.03130870381966189
1908,-0.010145846544071024
1909,0.0012953367875647714
1910,-0.06085319949811796
1911,-0.0366915422885572
1912,-0.012430080795525211
1913,-0.020983213429256575
1914,0.000954198473282375
1915,-0.031194820482636887
1916,-0.01604116222760299
1917,-0.013268998793727449
1918,-0.024351676154332758
1919,-0.033395176252319136
1920,-0.05242718446601946
1921,-0.01633333333333331
1922,-0.0064102564102563875
1923,-0.009223918575063605
1924,-0.013081395348837233
1925,0.003640776699029069
1926,-0.0026026604973974354
1927,-0.032573289902280034
1928,-0.027761194029850778
1929,-0.02513150204558745
1930,-0.043816034804226134
1931,-0.0062893081761006275
1932,-0.02158034528552455
1933,-0.059116365899191115
1934,-0.0337078651685393
1935,-0.052726183343319355
1936,-0.04233274126702191
1937,-0.038829151732377554
1938,-0.007735148514851464
1939,-0.0032488628979856493
1940,0.013046116504854433
1941,-0.021884498480243098
1942,-0.04429250891795489
1943,-0.02373417721518989
1944,-0.02781100478468901
1945,-0.03406878650227119
1946,-0.016687268232385644
1947,-0.014175257731958713
1948,-0.09322560596643881
1949,0.010069044879171485
1950,-0.050825082508250796
1951,0.020916905444126166
1952,-0.017287234042553168
1953,-0.004232164449818554
1954,-0.016449410304158918
1955,-0.006715506715506692
1956,-0.05652173913043479
1957,-0.044280442804428
1958,-0.06795511221945139
1959,0.011074918566775227
1960,-0.033521303258145285
1961,0.0057680631451122455
1962,-0.01489868891537538
1963,-0.02946537059538279
1964,-0.014046622833233768
1965,-0.023290094339622702
1966,-0.0378646803227809
1967,-0.06910039113428945
1968,-0.01708860759493669
1969,0.002741603838245399
1970,-0.010403530895334079
1971,0.0011757789535566943
1972,-0.02715466351829987
1973,-0.035381750465549366
1974,-0.04207119741100329
1975,-0.03141671606401897
1976,-0.017753389283408638
1977,-0.032944606413994215
1978,-0.006153846153846065
1979,-0.03128724672228844
1980,-0.008495145631068013
1981,-0.037515762925598994
1982,0.0194029850746269
1983,-0.014827586206896504
1984,0.002431610942249196
1985,-0.03892788768347166
1986,-0.03164961636828645
1987,-0.020580296896086425
1988,0.014437242192103739
1989,-0.05112960760998819
1990,-0.03028350515463918
1991,-0.054844606946983565
1992,-0.020976831559173403
1993,0.0035807291666666297
1994,0.0052459016393443525
1995,-0.030349478847332967
1996,-0.02491103202846978
1997,0.0
1998,-0.01807639836289221
1999,-0.06737120211360637
2000,-0.009340338587273789
